469,"D:\WindowsNoEditor\PythonAPI\examples	t\out00102465.jpg",[0 1 0 0]
40,"D:\WindowsNoEditor\PythonAPI\examples	t\out00079769.jpg",[1 0 0 0]
450,"D:\WindowsNoEditor\PythonAPI\examples	t\out00102314.jpg",[1 0 0 0]
294,"D:\WindowsNoEditor\PythonAPI\examples	t\out00092909.jpg",[1 0 0 0]
936,D:/WindowsNoEditor/PythonAPI/examples/none/out00785748.jpg,[0 0 0 1]
669,D:/WindowsNoEditor/PythonAPI/examples/green/out00761089.jpg,[0 0 1 0]
442,"D:\WindowsNoEditor\PythonAPI\examples	t\out00101080.jpg",[1 0 0 0]
212,"D:\WindowsNoEditor\PythonAPI\examples	t\out00088729.jpg",[1 0 0 0]
963,D:/WindowsNoEditor/PythonAPI/examples/none/out00794071.jpg,[0 0 0 1]
1000,D:/WindowsNoEditor/PythonAPI/examples/none/out00794818.jpg,[0 0 0 1]
682,D:/WindowsNoEditor/PythonAPI/examples/green/out00761102.jpg,[0 0 1 0]
426,"D:\WindowsNoEditor\PythonAPI\examples	t\out00099683.jpg",[1 0 0 0]
612,D:/WindowsNoEditor/PythonAPI/examples/green/out00759272.jpg,[0 0 1 0]
354,"D:\WindowsNoEditor\PythonAPI\examples	t\out00096633.jpg",[0 1 0 0]
402,"D:\WindowsNoEditor\PythonAPI\examples	t\out00098471.jpg",[0 1 0 0]
228,"D:\WindowsNoEditor\PythonAPI\examples	t\out00089321.jpg",[0 1 0 0]
943,D:/WindowsNoEditor/PythonAPI/examples/none/out00785759.jpg,[0 0 0 1]
893,D:/WindowsNoEditor/PythonAPI/examples/none/out00781170.jpg,[0 0 0 1]
593,D:/WindowsNoEditor/PythonAPI/examples/green/out00757713.jpg,[0 0 1 0]
777,D:/WindowsNoEditor/PythonAPI/examples/none/out00745305.jpg,[0 0 0 1]
905,D:/WindowsNoEditor/PythonAPI/examples/none/out00781735.jpg,[0 0 0 1]
176,"D:\WindowsNoEditor\PythonAPI\examples	t\out00087157.jpg",[1 0 0 0]
81,"D:\WindowsNoEditor\PythonAPI\examples	t\out00083221.jpg",[1 0 0 0]
899,D:/WindowsNoEditor/PythonAPI/examples/none/out00781253.jpg,[0 0 0 1]
101,"D:\WindowsNoEditor\PythonAPI\examples	t\out00084853.jpg",[1 0 0 0]
418,"D:\WindowsNoEditor\PythonAPI\examples	t\out00098842.jpg",[1 0 0 0]
623,D:/WindowsNoEditor/PythonAPI/examples/green/out00760646.jpg,[0 0 1 0]
325,"D:\WindowsNoEditor\PythonAPI\examples	t\out00096467.jpg",[0 1 0 0]
315,"D:\WindowsNoEditor\PythonAPI\examples	t\out00096089.jpg",[1 0 0 0]
608,D:/WindowsNoEditor/PythonAPI/examples/green/out00759268.jpg,[0 0 1 0]
901,D:/WindowsNoEditor/PythonAPI/examples/none/out00781262.jpg,[0 0 0 1]
385,"D:\WindowsNoEditor\PythonAPI\examples	t\out00097882.jpg",[0 1 0 0]
988,D:/WindowsNoEditor/PythonAPI/examples/none/out00794096.jpg,[0 0 0 1]
897,D:/WindowsNoEditor/PythonAPI/examples/none/out00781251.jpg,[0 0 0 1]
759,D:/WindowsNoEditor/PythonAPI/examples/green/out00873310.jpg,[0 0 1 0]
829,D:/WindowsNoEditor/PythonAPI/examples/none/out00748669.jpg,[0 0 0 1]
446,"D:\WindowsNoEditor\PythonAPI\examples	t\out00101563.jpg",[1 0 0 0]
818,D:/WindowsNoEditor/PythonAPI/examples/none/out00746919.jpg,[0 0 0 1]
386,"D:\WindowsNoEditor\PythonAPI\examples	t\out00097883.jpg",[0 1 0 0]
403,"D:\WindowsNoEditor\PythonAPI\examples	t\out00098472.jpg",[0 1 0 0]
954,D:/WindowsNoEditor/PythonAPI/examples/none/out00794058.jpg,[0 0 0 1]
987,D:/WindowsNoEditor/PythonAPI/examples/none/out00794095.jpg,[0 0 0 1]
59,"D:\WindowsNoEditor\PythonAPI\examples	t\out00081469.jpg",[1 0 0 0]
941,D:/WindowsNoEditor/PythonAPI/examples/none/out00785757.jpg,[0 0 0 1]
61,"D:\WindowsNoEditor\PythonAPI\examples	t\out00081566.jpg",[1 0 0 0]
737,D:/WindowsNoEditor/PythonAPI/examples/green/out00762213.jpg,[0 0 1 0]
349,"D:\WindowsNoEditor\PythonAPI\examples	t\out00096628.jpg",[0 1 0 0]
804,D:/WindowsNoEditor/PythonAPI/examples/none/out00746740.jpg,[0 0 0 1]
1003,D:/WindowsNoEditor/PythonAPI/examples/none/out00794821.jpg,[0 0 0 1]
799,D:/WindowsNoEditor/PythonAPI/examples/none/out00746735.jpg,[0 0 0 1]
279,"D:\WindowsNoEditor\PythonAPI\examples	t\out00091199.jpg",[1 0 0 0]
978,D:/WindowsNoEditor/PythonAPI/examples/none/out00794086.jpg,[0 0 0 1]
739,D:/WindowsNoEditor/PythonAPI/examples/green/out00762215.jpg,[0 0 1 0]
120,"D:\WindowsNoEditor\PythonAPI\examples	t\out00085964.jpg",[0 1 0 0]
1001,D:/WindowsNoEditor/PythonAPI/examples/none/out00794819.jpg,[0 0 0 1]
79,"D:\WindowsNoEditor\PythonAPI\examples	t\out00083088.jpg",[1 0 0 0]
850,D:/WindowsNoEditor/PythonAPI/examples/none/out00748690.jpg,[0 0 0 1]
886,D:/WindowsNoEditor/PythonAPI/examples/none/out00781163.jpg,[0 0 0 1]
495,"D:\WindowsNoEditor\PythonAPI\examples	t\out00104243.jpg",[1 0 0 0]
114,"D:\WindowsNoEditor\PythonAPI\examples	t\out00085958.jpg",[0 1 0 0]
677,D:/WindowsNoEditor/PythonAPI/examples/green/out00761097.jpg,[0 0 1 0]
293,"D:\WindowsNoEditor\PythonAPI\examples	t\out00092908.jpg",[1 0 0 0]
173,"D:\WindowsNoEditor\PythonAPI\examples	t\out00086849.jpg",[1 0 0 0]
39,"D:\WindowsNoEditor\PythonAPI\examples	t\out00079676.jpg",[1 0 0 0]
113,"D:\WindowsNoEditor\PythonAPI\examples	t\out00085957.jpg",[0 1 0 0]
17,"D:\WindowsNoEditor\PythonAPI\examples	t\out00076391.jpg",[1 0 0 0]
201,"D:\WindowsNoEditor\PythonAPI\examples	t\out00088200.jpg",[0 1 0 0]
486,"D:\WindowsNoEditor\PythonAPI\examples	t\out00103529.jpg",[1 0 0 0]
184,"D:\WindowsNoEditor\PythonAPI\examples	t\out00087782.jpg",[1 0 0 0]
853,D:/WindowsNoEditor/PythonAPI/examples/none/out00764910.jpg,[0 0 0 1]
265,"D:\WindowsNoEditor\PythonAPI\examples	t\out00090153.jpg",[0 1 0 0]
343,"D:\WindowsNoEditor\PythonAPI\examples	t\out00096485.jpg",[1 0 0 0]
313,"D:\WindowsNoEditor\PythonAPI\examples	t\out00095552.jpg",[1 0 0 0]
278,"D:\WindowsNoEditor\PythonAPI\examples	t\out00090829.jpg",[1 0 0 0]
900,D:/WindowsNoEditor/PythonAPI/examples/none/out00781261.jpg,[0 0 0 1]
662,D:/WindowsNoEditor/PythonAPI/examples/green/out00761082.jpg,[0 0 1 0]
932,D:/WindowsNoEditor/PythonAPI/examples/none/out00782165.jpg,[0 0 0 1]
242,"D:\WindowsNoEditor\PythonAPI\examples	t\out00089335.jpg",[1 0 0 0]
30,"D:\WindowsNoEditor\PythonAPI\examples	t\out00078764.jpg",[1 0 0 0]
31,"D:\WindowsNoEditor\PythonAPI\examples	t\out00078765.jpg",[1 0 0 0]
560,D:/WindowsNoEditor/PythonAPI/examples/green/out00755450.jpg,[0 0 1 0]
296,"D:\WindowsNoEditor\PythonAPI\examples	t\out00093438.jpg",[1 0 0 0]
693,D:/WindowsNoEditor/PythonAPI/examples/green/out00761432.jpg,[0 0 1 0]
73,"D:\WindowsNoEditor\PythonAPI\examples	t\out00082743.jpg",[0 1 0 0]
694,D:/WindowsNoEditor/PythonAPI/examples/green/out00761433.jpg,[0 0 1 0]
448,"D:\WindowsNoEditor\PythonAPI\examples	t\out00102102.jpg",[1 0 0 0]
320,"D:\WindowsNoEditor\PythonAPI\examples	t\out00096462.jpg",[0 1 0 0]
577,D:/WindowsNoEditor/PythonAPI/examples/green/out00757697.jpg,[0 0 1 0]
983,D:/WindowsNoEditor/PythonAPI/examples/none/out00794091.jpg,[0 0 0 1]
457,"D:\WindowsNoEditor\PythonAPI\examples	t\out00102453.jpg",[0 1 0 0]
633,D:/WindowsNoEditor/PythonAPI/examples/green/out00760656.jpg,[0 0 1 0]
839,D:/WindowsNoEditor/PythonAPI/examples/none/out00748679.jpg,[0 0 0 1]
673,D:/WindowsNoEditor/PythonAPI/examples/green/out00761093.jpg,[0 0 1 0]
96,"D:\WindowsNoEditor\PythonAPI\examples	t\out00084665.jpg",[0 1 0 0]
95,"D:\WindowsNoEditor\PythonAPI\examples	t\out00084664.jpg",[0 1 0 0]
574,D:/WindowsNoEditor/PythonAPI/examples/green/out00757694.jpg,[0 0 1 0]
321,"D:\WindowsNoEditor\PythonAPI\examples	t\out00096463.jpg",[0 1 0 0]
389,"D:\WindowsNoEditor\PythonAPI\examples	t\out00097886.jpg",[1 0 0 0]
950,D:/WindowsNoEditor/PythonAPI/examples/none/out00794054.jpg,[0 0 0 1]
821,D:/WindowsNoEditor/PythonAPI/examples/none/out00746922.jpg,[0 0 0 1]
549,D:/WindowsNoEditor/PythonAPI/examples/green/out00755439.jpg,[0 0 1 0]
931,D:/WindowsNoEditor/PythonAPI/examples/none/out00782164.jpg,[0 0 0 1]
604,D:/WindowsNoEditor/PythonAPI/examples/green/out00759264.jpg,[0 0 1 0]
334,"D:\WindowsNoEditor\PythonAPI\examples	t\out00096476.jpg",[0 1 0 0]
578,D:/WindowsNoEditor/PythonAPI/examples/green/out00757698.jpg,[0 0 1 0]
246,"D:\WindowsNoEditor\PythonAPI\examples	t\out00089856.jpg",[1 0 0 0]
601,D:/WindowsNoEditor/PythonAPI/examples/green/out00759261.jpg,[0 0 1 0]
1007,D:/WindowsNoEditor/PythonAPI/examples/none/out00794825.jpg,[0 0 0 1]
895,D:/WindowsNoEditor/PythonAPI/examples/none/out00781249.jpg,[0 0 0 1]
436,"D:\WindowsNoEditor\PythonAPI\examples	t\out00100756.jpg",[1 0 0 0]
371,"D:\WindowsNoEditor\PythonAPI\examples	t\out00096650.jpg",[1 0 0 0]
272,"D:\WindowsNoEditor\PythonAPI\examples	t\out00090160.jpg",[0 1 0 0]
571,D:/WindowsNoEditor/PythonAPI/examples/green/out00755461.jpg,[0 0 1 0]
836,D:/WindowsNoEditor/PythonAPI/examples/none/out00748676.jpg,[0 0 0 1]
609,D:/WindowsNoEditor/PythonAPI/examples/green/out00759269.jpg,[0 0 1 0]
147,"D:\WindowsNoEditor\PythonAPI\examples	t\out00086729.jpg",[0 1 0 0]
996,D:/WindowsNoEditor/PythonAPI/examples/none/out00794814.jpg,[0 0 0 1]
492,"D:\WindowsNoEditor\PythonAPI\examples	t\out00104145.jpg",[1 0 0 0]
527,D:/WindowsNoEditor/PythonAPI/examples/green/out00755079.jpg,[0 0 1 0]
546,D:/WindowsNoEditor/PythonAPI/examples/green/out00755436.jpg,[0 0 1 0]
566,D:/WindowsNoEditor/PythonAPI/examples/green/out00755456.jpg,[0 0 1 0]
828,D:/WindowsNoEditor/PythonAPI/examples/none/out00746929.jpg,[0 0 0 1]
488,"D:\WindowsNoEditor\PythonAPI\examples	t\out00103671.jpg",[1 0 0 0]
145,"D:\WindowsNoEditor\PythonAPI\examples	t\out00086727.jpg",[0 1 0 0]
542,D:/WindowsNoEditor/PythonAPI/examples/green/out00755432.jpg,[0 0 1 0]
822,D:/WindowsNoEditor/PythonAPI/examples/none/out00746923.jpg,[0 0 0 1]
286,"D:\WindowsNoEditor\PythonAPI\examples	t\out00091881.jpg",[1 0 0 0]
748,D:/WindowsNoEditor/PythonAPI/examples/green/out00762224.jpg,[0 0 1 0]
396,"D:\WindowsNoEditor\PythonAPI\examples	t\out00098465.jpg",[0 1 0 0]
182,"D:\WindowsNoEditor\PythonAPI\examples	t\out00087664.jpg",[1 0 0 0]
699,D:/WindowsNoEditor/PythonAPI/examples/green/out00761438.jpg,[0 0 1 0]
487,"D:\WindowsNoEditor\PythonAPI\examples	t\out00103530.jpg",[1 0 0 0]
535,D:/WindowsNoEditor/PythonAPI/examples/green/out00755087.jpg,[0 0 1 0]
45,"D:\WindowsNoEditor\PythonAPI\examples	t\out00080280.jpg",[1 0 0 0]
407,"D:\WindowsNoEditor\PythonAPI\examples	t\out00098476.jpg",[0 1 0 0]
461,"D:\WindowsNoEditor\PythonAPI\examples	t\out00102457.jpg",[0 1 0 0]
679,D:/WindowsNoEditor/PythonAPI/examples/green/out00761099.jpg,[0 0 1 0]
553,D:/WindowsNoEditor/PythonAPI/examples/green/out00755443.jpg,[0 0 1 0]
409,"D:\WindowsNoEditor\PythonAPI\examples	t\out00098478.jpg",[0 1 0 0]
868,D:/WindowsNoEditor/PythonAPI/examples/none/out00764925.jpg,[0 0 0 1]
879,D:/WindowsNoEditor/PythonAPI/examples/none/out00781156.jpg,[0 0 0 1]
960,D:/WindowsNoEditor/PythonAPI/examples/none/out00794068.jpg,[0 0 0 1]
867,D:/WindowsNoEditor/PythonAPI/examples/none/out00764924.jpg,[0 0 0 1]
496,"D:\WindowsNoEditor\PythonAPI\examples	t\out00104432.jpg",[1 0 0 0]
285,"D:\WindowsNoEditor\PythonAPI\examples	t\out00091880.jpg",[1 0 0 0]
43,"D:\WindowsNoEditor\PythonAPI\examples	t\out00079917.jpg",[1 0 0 0]
561,D:/WindowsNoEditor/PythonAPI/examples/green/out00755451.jpg,[0 0 1 0]
790,D:/WindowsNoEditor/PythonAPI/examples/none/out00746093.jpg,[0 0 0 1]
360,"D:\WindowsNoEditor\PythonAPI\examples	t\out00096639.jpg",[0 1 0 0]
268,"D:\WindowsNoEditor\PythonAPI\examples	t\out00090156.jpg",[0 1 0 0]
1009,D:/WindowsNoEditor/PythonAPI/examples/none/out00794827.jpg,[0 0 0 1]
21,"D:\WindowsNoEditor\PythonAPI\examples	t\out00076879.jpg",[1 0 0 0]
472,"D:\WindowsNoEditor\PythonAPI\examples	t\out00102468.jpg",[0 1 0 0]
937,D:/WindowsNoEditor/PythonAPI/examples/none/out00785749.jpg,[0 0 0 1]
207,"D:\WindowsNoEditor\PythonAPI\examples	t\out00088206.jpg",[1 0 0 0]
666,D:/WindowsNoEditor/PythonAPI/examples/green/out00761086.jpg,[0 0 1 0]
855,D:/WindowsNoEditor/PythonAPI/examples/none/out00764912.jpg,[0 0 0 1]
965,D:/WindowsNoEditor/PythonAPI/examples/none/out00794073.jpg,[0 0 0 1]
873,D:/WindowsNoEditor/PythonAPI/examples/none/out00781150.jpg,[0 0 0 1]
395,"D:\WindowsNoEditor\PythonAPI\examples	t\out00098464.jpg",[0 1 0 0]
622,D:/WindowsNoEditor/PythonAPI/examples/green/out00760645.jpg,[0 0 1 0]
193,"D:\WindowsNoEditor\PythonAPI\examples	t\out00088192.jpg",[0 1 0 0]
953,D:/WindowsNoEditor/PythonAPI/examples/none/out00794057.jpg,[0 0 0 1]
25,"D:\WindowsNoEditor\PythonAPI\examples	t\out00077529.jpg",[1 0 0 0]
324,"D:\WindowsNoEditor\PythonAPI\examples	t\out00096466.jpg",[0 1 0 0]
842,D:/WindowsNoEditor/PythonAPI/examples/none/out00748682.jpg,[0 0 0 1]
934,D:/WindowsNoEditor/PythonAPI/examples/none/out00782171.jpg,[0 0 0 1]
178,"D:\WindowsNoEditor\PythonAPI\examples	t\out00087300.jpg",[1 0 0 0]
303,"D:\WindowsNoEditor\PythonAPI\examples	t\out00094248.jpg",[1 0 0 0]
400,"D:\WindowsNoEditor\PythonAPI\examples	t\out00098469.jpg",[0 1 0 0]
557,D:/WindowsNoEditor/PythonAPI/examples/green/out00755447.jpg,[0 0 1 0]
727,D:/WindowsNoEditor/PythonAPI/examples/green/out00762203.jpg,[0 0 1 0]
99,"D:\WindowsNoEditor\PythonAPI\examples	t\out00084668.jpg",[1 0 0 0]
508,D:/WindowsNoEditor/PythonAPI/examples/green/out00745889.jpg,[0 0 1 0]
1006,D:/WindowsNoEditor/PythonAPI/examples/none/out00794824.jpg,[0 0 0 1]
234,"D:\WindowsNoEditor\PythonAPI\examples	t\out00089327.jpg",[0 1 0 0]
930,D:/WindowsNoEditor/PythonAPI/examples/none/out00782163.jpg,[0 0 0 1]
880,D:/WindowsNoEditor/PythonAPI/examples/none/out00781157.jpg,[0 0 0 1]
405,"D:\WindowsNoEditor\PythonAPI\examples	t\out00098474.jpg",[0 1 0 0]
359,"D:\WindowsNoEditor\PythonAPI\examples	t\out00096638.jpg",[0 1 0 0]
443,"D:\WindowsNoEditor\PythonAPI\examples	t\out00101227.jpg",[1 0 0 0]
421,"D:\WindowsNoEditor\PythonAPI\examples	t\out00098938.jpg",[1 0 0 0]
726,D:/WindowsNoEditor/PythonAPI/examples/green/out00762202.jpg,[0 0 1 0]
132,"D:\WindowsNoEditor\PythonAPI\examples	t\out00086408.jpg",[0 1 0 0]
140,"D:\WindowsNoEditor\PythonAPI\examples	t\out00086722.jpg",[0 1 0 0]
179,"D:\WindowsNoEditor\PythonAPI\examples	t\out00087301.jpg",[1 0 0 0]
356,"D:\WindowsNoEditor\PythonAPI\examples	t\out00096635.jpg",[0 1 0 0]
449,"D:\WindowsNoEditor\PythonAPI\examples	t\out00102313.jpg",[1 0 0 0]
289,"D:\WindowsNoEditor\PythonAPI\examples	t\out00092448.jpg",[1 0 0 0]
740,D:/WindowsNoEditor/PythonAPI/examples/green/out00762216.jpg,[0 0 1 0]
185,"D:\WindowsNoEditor\PythonAPI\examples	t\out00087986.jpg",[1 0 0 0]
419,"D:\WindowsNoEditor\PythonAPI\examples	t\out00098843.jpg",[1 0 0 0]
890,D:/WindowsNoEditor/PythonAPI/examples/none/out00781167.jpg,[0 0 0 1]
812,D:/WindowsNoEditor/PythonAPI/examples/none/out00746913.jpg,[0 0 0 1]
891,D:/WindowsNoEditor/PythonAPI/examples/none/out00781168.jpg,[0 0 0 1]
918,D:/WindowsNoEditor/PythonAPI/examples/none/out00782151.jpg,[0 0 0 1]
211,"D:\WindowsNoEditor\PythonAPI\examples	t\out00088728.jpg",[1 0 0 0]
636,D:/WindowsNoEditor/PythonAPI/examples/green/out00760659.jpg,[0 0 1 0]
523,D:/WindowsNoEditor/PythonAPI/examples/green/out00755075.jpg,[0 0 1 0]
860,D:/WindowsNoEditor/PythonAPI/examples/none/out00764917.jpg,[0 0 0 1]
299,"D:\WindowsNoEditor\PythonAPI\examples	t\out00093948.jpg",[1 0 0 0]
15,"D:\WindowsNoEditor\PythonAPI\examples	t\out00076205.jpg",[1 0 0 0]
889,D:/WindowsNoEditor/PythonAPI/examples/none/out00781166.jpg,[0 0 0 1]
432,"D:\WindowsNoEditor\PythonAPI\examples	t\out00100022.jpg",[1 0 0 0]
765,D:/WindowsNoEditor/PythonAPI/examples/green/out00873316.jpg,[0 0 1 0]
964,D:/WindowsNoEditor/PythonAPI/examples/none/out00794072.jpg,[0 0 0 1]
107,"D:\WindowsNoEditor\PythonAPI\examples	t\out00085951.jpg",[0 1 0 0]
782,D:/WindowsNoEditor/PythonAPI/examples/none/out00745750.jpg,[0 0 0 1]
592,D:/WindowsNoEditor/PythonAPI/examples/green/out00757712.jpg,[0 0 1 0]
605,D:/WindowsNoEditor/PythonAPI/examples/green/out00759265.jpg,[0 0 1 0]
870,D:/WindowsNoEditor/PythonAPI/examples/none/out00764927.jpg,[0 0 0 1]
323,"D:\WindowsNoEditor\PythonAPI\examples	t\out00096465.jpg",[0 1 0 0]
750,D:/WindowsNoEditor/PythonAPI/examples/green/out00873301.jpg,[0 0 1 0]
659,D:/WindowsNoEditor/PythonAPI/examples/green/out00761079.jpg,[0 0 1 0]
985,D:/WindowsNoEditor/PythonAPI/examples/none/out00794093.jpg,[0 0 0 1]
688,D:/WindowsNoEditor/PythonAPI/examples/green/out00761427.jpg,[0 0 1 0]
300,"D:\WindowsNoEditor\PythonAPI\examples	t\out00093949.jpg",[1 0 0 0]
142,"D:\WindowsNoEditor\PythonAPI\examples	t\out00086724.jpg",[0 1 0 0]
933,D:/WindowsNoEditor/PythonAPI/examples/none/out00782166.jpg,[0 0 0 1]
912,D:/WindowsNoEditor/PythonAPI/examples/none/out00781749.jpg,[0 0 0 1]
489,"D:\WindowsNoEditor\PythonAPI\examples	t\out00103672.jpg",[1 0 0 0]
767,D:/WindowsNoEditor/PythonAPI/examples/green/out00873318.jpg,[0 0 1 0]
558,D:/WindowsNoEditor/PythonAPI/examples/green/out00755448.jpg,[0 0 1 0]
177,"D:\WindowsNoEditor\PythonAPI\examples	t\out00087158.jpg",[1 0 0 0]
757,D:/WindowsNoEditor/PythonAPI/examples/green/out00873308.jpg,[0 0 1 0]
387,"D:\WindowsNoEditor\PythonAPI\examples	t\out00097884.jpg",[0 1 0 0]
93,"D:\WindowsNoEditor\PythonAPI\examples	t\out00084662.jpg",[0 1 0 0]
741,D:/WindowsNoEditor/PythonAPI/examples/green/out00762217.jpg,[0 0 1 0]
533,D:/WindowsNoEditor/PythonAPI/examples/green/out00755085.jpg,[0 0 1 0]
944,D:/WindowsNoEditor/PythonAPI/examples/none/out00785760.jpg,[0 0 0 1]
218,"D:\WindowsNoEditor\PythonAPI\examples	t\out00089194.jpg",[1 0 0 0]
186,"D:\WindowsNoEditor\PythonAPI\examples	t\out00087987.jpg",[1 0 0 0]
70,"D:\WindowsNoEditor\PythonAPI\examples	t\out00082610.jpg",[1 0 0 0]
942,D:/WindowsNoEditor/PythonAPI/examples/none/out00785758.jpg,[0 0 0 1]
175,"D:\WindowsNoEditor\PythonAPI\examples	t\out00086965.jpg",[1 0 0 0]
75,"D:\WindowsNoEditor\PythonAPI\examples	t\out00082745.jpg",[0 1 0 0]
65,"D:\WindowsNoEditor\PythonAPI\examples	t\out00082213.jpg",[1 0 0 0]
925,D:/WindowsNoEditor/PythonAPI/examples/none/out00782158.jpg,[0 0 0 1]
85,"D:\WindowsNoEditor\PythonAPI\examples	t\out00083698.jpg",[1 0 0 0]
224,"D:\WindowsNoEditor\PythonAPI\examples	t\out00089317.jpg",[0 1 0 0]
181,"D:\WindowsNoEditor\PythonAPI\examples	t\out00087663.jpg",[1 0 0 0]
955,D:/WindowsNoEditor/PythonAPI/examples/none/out00794063.jpg,[0 0 0 1]
216,"D:\WindowsNoEditor\PythonAPI\examples	t\out00089013.jpg",[1 0 0 0]
807,D:/WindowsNoEditor/PythonAPI/examples/none/out00746908.jpg,[0 0 0 1]
680,D:/WindowsNoEditor/PythonAPI/examples/green/out00761100.jpg,[0 0 1 0]
412,"D:\WindowsNoEditor\PythonAPI\examples	t\out00098481.jpg",[0 1 0 0]
865,D:/WindowsNoEditor/PythonAPI/examples/none/out00764922.jpg,[0 0 0 1]
559,D:/WindowsNoEditor/PythonAPI/examples/green/out00755449.jpg,[0 0 1 0]
245,"D:\WindowsNoEditor\PythonAPI\examples	t\out00089855.jpg",[1 0 0 0]
398,"D:\WindowsNoEditor\PythonAPI\examples	t\out00098467.jpg",[0 1 0 0]
134,"D:\WindowsNoEditor\PythonAPI\examples	t\out00086410.jpg",[0 1 0 0]
509,D:/WindowsNoEditor/PythonAPI/examples/green/out00745890.jpg,[0 0 1 0]
249,"D:\WindowsNoEditor\PythonAPI\examples	t\out00090137.jpg",[0 1 0 0]
713,D:/WindowsNoEditor/PythonAPI/examples/green/out00761452.jpg,[0 0 1 0]
298,"D:\WindowsNoEditor\PythonAPI\examples	t\out00093810.jpg",[1 0 0 0]
667,D:/WindowsNoEditor/PythonAPI/examples/green/out00761087.jpg,[0 0 1 0]
434,"D:\WindowsNoEditor\PythonAPI\examples	t\out00100402.jpg",[1 0 0 0]
288,"D:\WindowsNoEditor\PythonAPI\examples	t\out00091975.jpg",[1 0 0 0]
485,"D:\WindowsNoEditor\PythonAPI\examples	t\out00103413.jpg",[1 0 0 0]
862,D:/WindowsNoEditor/PythonAPI/examples/none/out00764919.jpg,[0 0 0 1]
648,D:/WindowsNoEditor/PythonAPI/examples/green/out00760671.jpg,[0 0 1 0]
100,"D:\WindowsNoEditor\PythonAPI\examples	t\out00084852.jpg",[1 0 0 0]
952,D:/WindowsNoEditor/PythonAPI/examples/none/out00794056.jpg,[0 0 0 1]
269,"D:\WindowsNoEditor\PythonAPI\examples	t\out00090157.jpg",[0 1 0 0]
569,D:/WindowsNoEditor/PythonAPI/examples/green/out00755459.jpg,[0 0 1 0]
37,"D:\WindowsNoEditor\PythonAPI\examples	t\out00079586.jpg",[1 0 0 0]
243,"D:\WindowsNoEditor\PythonAPI\examples	t\out00089714.jpg",[1 0 0 0]
23,"D:\WindowsNoEditor\PythonAPI\examples	t\out00077420.jpg",[1 0 0 0]
307,"D:\WindowsNoEditor\PythonAPI\examples	t\out00095118.jpg",[1 0 0 0]
687,D:/WindowsNoEditor/PythonAPI/examples/green/out00761426.jpg,[0 0 1 0]
151,"D:\WindowsNoEditor\PythonAPI\examples	t\out00086733.jpg",[0 1 0 0]
582,D:/WindowsNoEditor/PythonAPI/examples/green/out00757702.jpg,[0 0 1 0]
213,"D:\WindowsNoEditor\PythonAPI\examples	t\out00088903.jpg",[1 0 0 0]
351,"D:\WindowsNoEditor\PythonAPI\examples	t\out00096630.jpg",[0 1 0 0]
6,"D:\WindowsNoEditor\PythonAPI\examples	t\out00075085.jpg",[1 0 0 0]
235,"D:\WindowsNoEditor\PythonAPI\examples	t\out00089328.jpg",[0 1 0 0]
531,D:/WindowsNoEditor/PythonAPI/examples/green/out00755083.jpg,[0 0 1 0]
404,"D:\WindowsNoEditor\PythonAPI\examples	t\out00098473.jpg",[0 1 0 0]
232,"D:\WindowsNoEditor\PythonAPI\examples	t\out00089325.jpg",[0 1 0 0]
876,D:/WindowsNoEditor/PythonAPI/examples/none/out00781153.jpg,[0 0 0 1]
537,D:/WindowsNoEditor/PythonAPI/examples/green/out00755089.jpg,[0 0 1 0]
628,D:/WindowsNoEditor/PythonAPI/examples/green/out00760651.jpg,[0 0 1 0]
645,D:/WindowsNoEditor/PythonAPI/examples/green/out00760668.jpg,[0 0 1 0]
649,D:/WindowsNoEditor/PythonAPI/examples/green/out00760672.jpg,[0 0 1 0]
613,D:/WindowsNoEditor/PythonAPI/examples/green/out00759273.jpg,[0 0 1 0]
580,D:/WindowsNoEditor/PythonAPI/examples/green/out00757700.jpg,[0 0 1 0]
734,D:/WindowsNoEditor/PythonAPI/examples/green/out00762210.jpg,[0 0 1 0]
394,"D:\WindowsNoEditor\PythonAPI\examples	t\out00098463.jpg",[0 1 0 0]
583,D:/WindowsNoEditor/PythonAPI/examples/green/out00757703.jpg,[0 0 1 0]
252,"D:\WindowsNoEditor\PythonAPI\examples	t\out00090140.jpg",[0 1 0 0]
256,"D:\WindowsNoEditor\PythonAPI\examples	t\out00090144.jpg",[0 1 0 0]
180,"D:\WindowsNoEditor\PythonAPI\examples	t\out00087302.jpg",[1 0 0 0]
411,"D:\WindowsNoEditor\PythonAPI\examples	t\out00098480.jpg",[0 1 0 0]
820,D:/WindowsNoEditor/PythonAPI/examples/none/out00746921.jpg,[0 0 0 1]
530,D:/WindowsNoEditor/PythonAPI/examples/green/out00755082.jpg,[0 0 1 0]
813,D:/WindowsNoEditor/PythonAPI/examples/none/out00746914.jpg,[0 0 0 1]
150,"D:\WindowsNoEditor\PythonAPI\examples	t\out00086732.jpg",[0 1 0 0]
55,"D:\WindowsNoEditor\PythonAPI\examples	t\out00080972.jpg",[1 0 0 0]
18,"D:\WindowsNoEditor\PythonAPI\examples	t\out00076539.jpg",[1 0 0 0]
208,"D:\WindowsNoEditor\PythonAPI\examples	t\out00088207.jpg",[1 0 0 0]
16,"D:\WindowsNoEditor\PythonAPI\examples	t\out00076390.jpg",[1 0 0 0]
570,D:/WindowsNoEditor/PythonAPI/examples/green/out00755460.jpg,[0 0 1 0]
581,D:/WindowsNoEditor/PythonAPI/examples/green/out00757701.jpg,[0 0 1 0]
506,D:/WindowsNoEditor/PythonAPI/examples/green/out00745887.jpg,[0 0 1 0]
481,"D:\WindowsNoEditor\PythonAPI\examples	t\out00102949.jpg",[1 0 0 0]
309,"D:\WindowsNoEditor\PythonAPI\examples	t\out00095310.jpg",[1 0 0 0]
841,D:/WindowsNoEditor/PythonAPI/examples/none/out00748681.jpg,[0 0 0 1]
986,D:/WindowsNoEditor/PythonAPI/examples/none/out00794094.jpg,[0 0 0 1]
231,"D:\WindowsNoEditor\PythonAPI\examples	t\out00089324.jpg",[0 1 0 0]
616,D:/WindowsNoEditor/PythonAPI/examples/green/out00759276.jpg,[0 0 1 0]
714,D:/WindowsNoEditor/PythonAPI/examples/green/out00761453.jpg,[0 0 1 0]
62,"D:\WindowsNoEditor\PythonAPI\examples	t\out00081675.jpg",[1 0 0 0]
712,D:/WindowsNoEditor/PythonAPI/examples/green/out00761451.jpg,[0 0 1 0]
766,D:/WindowsNoEditor/PythonAPI/examples/green/out00873317.jpg,[0 0 1 0]
864,D:/WindowsNoEditor/PythonAPI/examples/none/out00764921.jpg,[0 0 0 1]
391,"D:\WindowsNoEditor\PythonAPI\examples	t\out00098016.jpg",[1 0 0 0]
588,D:/WindowsNoEditor/PythonAPI/examples/green/out00757708.jpg,[0 0 1 0]
195,"D:\WindowsNoEditor\PythonAPI\examples	t\out00088194.jpg",[0 1 0 0]
735,D:/WindowsNoEditor/PythonAPI/examples/green/out00762211.jpg,[0 0 1 0]
275,"D:\WindowsNoEditor\PythonAPI\examples	t\out00090289.jpg",[1 0 0 0]
764,D:/WindowsNoEditor/PythonAPI/examples/green/out00873315.jpg,[0 0 1 0]
56,"D:\WindowsNoEditor\PythonAPI\examples	t\out00081347.jpg",[1 0 0 0]
1,"D:\WindowsNoEditor\PythonAPI\examples	t\out00074489.jpg",[1 0 0 0]
159,"D:\WindowsNoEditor\PythonAPI\examples	t\out00086741.jpg",[0 1 0 0]
60,"D:\WindowsNoEditor\PythonAPI\examples	t\out00081565.jpg",[1 0 0 0]
772,D:/WindowsNoEditor/PythonAPI/examples/none/out00745300.jpg,[0 0 0 1]
230,"D:\WindowsNoEditor\PythonAPI\examples	t\out00089323.jpg",[0 1 0 0]
968,D:/WindowsNoEditor/PythonAPI/examples/none/out00794076.jpg,[0 0 0 1]
333,"D:\WindowsNoEditor\PythonAPI\examples	t\out00096475.jpg",[0 1 0 0]
439,"D:\WindowsNoEditor\PythonAPI\examples	t\out00100873.jpg",[1 0 0 0]
554,D:/WindowsNoEditor/PythonAPI/examples/green/out00755444.jpg,[0 0 1 0]
832,D:/WindowsNoEditor/PythonAPI/examples/none/out00748672.jpg,[0 0 0 1]
823,D:/WindowsNoEditor/PythonAPI/examples/none/out00746924.jpg,[0 0 0 1]
475,"D:\WindowsNoEditor\PythonAPI\examples	t\out00102471.jpg",[0 1 0 0]
214,"D:\WindowsNoEditor\PythonAPI\examples	t\out00088904.jpg",[1 0 0 0]
106,"D:\WindowsNoEditor\PythonAPI\examples	t\out00085950.jpg",[0 1 0 0]
761,D:/WindowsNoEditor/PythonAPI/examples/green/out00873312.jpg,[0 0 1 0]
33,"D:\WindowsNoEditor\PythonAPI\examples	t\out00078874.jpg",[1 0 0 0]
664,D:/WindowsNoEditor/PythonAPI/examples/green/out00761084.jpg,[0 0 1 0]
778,D:/WindowsNoEditor/PythonAPI/examples/none/out00745306.jpg,[0 0 0 1]
956,D:/WindowsNoEditor/PythonAPI/examples/none/out00794064.jpg,[0 0 0 1]
647,D:/WindowsNoEditor/PythonAPI/examples/green/out00760670.jpg,[0 0 1 0]
505,D:/WindowsNoEditor/PythonAPI/examples/green/out00745886.jpg,[0 0 1 0]
755,D:/WindowsNoEditor/PythonAPI/examples/green/out00873306.jpg,[0 0 1 0]
441,"D:\WindowsNoEditor\PythonAPI\examples	t\out00101079.jpg",[1 0 0 0]
684,D:/WindowsNoEditor/PythonAPI/examples/green/out00761423.jpg,[0 0 1 0]
938,D:/WindowsNoEditor/PythonAPI/examples/none/out00785750.jpg,[0 0 0 1]
7,"D:\WindowsNoEditor\PythonAPI\examples	t\out00075086.jpg",[1 0 0 0]
995,D:/WindowsNoEditor/PythonAPI/examples/none/out00794813.jpg,[0 0 0 1]
837,D:/WindowsNoEditor/PythonAPI/examples/none/out00748677.jpg,[0 0 0 1]
463,"D:\WindowsNoEditor\PythonAPI\examples	t\out00102459.jpg",[0 1 0 0]
877,D:/WindowsNoEditor/PythonAPI/examples/none/out00781154.jpg,[0 0 0 1]
188,"D:\WindowsNoEditor\PythonAPI\examples	t\out00088082.jpg",[1 0 0 0]
678,D:/WindowsNoEditor/PythonAPI/examples/green/out00761098.jpg,[0 0 1 0]
815,D:/WindowsNoEditor/PythonAPI/examples/none/out00746916.jpg,[0 0 0 1]
452,"D:\WindowsNoEditor\PythonAPI\examples	t\out00102448.jpg",[0 1 0 0]
595,D:/WindowsNoEditor/PythonAPI/examples/green/out00757715.jpg,[0 0 1 0]
271,"D:\WindowsNoEditor\PythonAPI\examples	t\out00090159.jpg",[0 1 0 0]
131,"D:\WindowsNoEditor\PythonAPI\examples	t\out00086407.jpg",[0 1 0 0]
744,D:/WindowsNoEditor/PythonAPI/examples/green/out00762220.jpg,[0 0 1 0]
166,"D:\WindowsNoEditor\PythonAPI\examples	t\out00086748.jpg",[0 1 0 0]
502,D:/WindowsNoEditor/PythonAPI/examples/green/out00745883.jpg,[0 0 1 0]
904,D:/WindowsNoEditor/PythonAPI/examples/none/out00781734.jpg,[0 0 0 1]
447,"D:\WindowsNoEditor\PythonAPI\examples	t\out00102101.jpg",[1 0 0 0]
793,D:/WindowsNoEditor/PythonAPI/examples/none/out00746096.jpg,[0 0 0 1]
14,"D:\WindowsNoEditor\PythonAPI\examples	t\out00076204.jpg",[1 0 0 0]
903,D:/WindowsNoEditor/PythonAPI/examples/none/out00781264.jpg,[0 0 0 1]
638,D:/WindowsNoEditor/PythonAPI/examples/green/out00760661.jpg,[0 0 1 0]
94,"D:\WindowsNoEditor\PythonAPI\examples	t\out00084663.jpg",[0 1 0 0]
840,D:/WindowsNoEditor/PythonAPI/examples/none/out00748680.jpg,[0 0 0 1]
437,"D:\WindowsNoEditor\PythonAPI\examples	t\out00100757.jpg",[1 0 0 0]
210,"D:\WindowsNoEditor\PythonAPI\examples	t\out00088590.jpg",[1 0 0 0]
624,D:/WindowsNoEditor/PythonAPI/examples/green/out00760647.jpg,[0 0 1 0]
716,D:/WindowsNoEditor/PythonAPI/examples/green/out00761455.jpg,[0 0 1 0]
522,D:/WindowsNoEditor/PythonAPI/examples/green/out00755074.jpg,[0 0 1 0]
584,D:/WindowsNoEditor/PythonAPI/examples/green/out00757704.jpg,[0 0 1 0]
183,"D:\WindowsNoEditor\PythonAPI\examples	t\out00087781.jpg",[1 0 0 0]
973,D:/WindowsNoEditor/PythonAPI/examples/none/out00794081.jpg,[0 0 0 1]
731,D:/WindowsNoEditor/PythonAPI/examples/green/out00762207.jpg,[0 0 1 0]
316,"D:\WindowsNoEditor\PythonAPI\examples	t\out00096090.jpg",[1 0 0 0]
217,"D:\WindowsNoEditor\PythonAPI\examples	t\out00089193.jpg",[1 0 0 0]
22,"D:\WindowsNoEditor\PythonAPI\examples	t\out00077419.jpg",[1 0 0 0]
373,"D:\WindowsNoEditor\PythonAPI\examples	t\out00096827.jpg",[1 0 0 0]
846,D:/WindowsNoEditor/PythonAPI/examples/none/out00748686.jpg,[0 0 0 1]
642,D:/WindowsNoEditor/PythonAPI/examples/green/out00760665.jpg,[0 0 1 0]
788,D:/WindowsNoEditor/PythonAPI/examples/none/out00745756.jpg,[0 0 0 1]
779,D:/WindowsNoEditor/PythonAPI/examples/none/out00745747.jpg,[0 0 0 1]
781,D:/WindowsNoEditor/PythonAPI/examples/none/out00745749.jpg,[0 0 0 1]
281,"D:\WindowsNoEditor\PythonAPI\examples	t\out00091555.jpg",[1 0 0 0]
969,D:/WindowsNoEditor/PythonAPI/examples/none/out00794077.jpg,[0 0 0 1]
548,D:/WindowsNoEditor/PythonAPI/examples/green/out00755438.jpg,[0 0 1 0]
845,D:/WindowsNoEditor/PythonAPI/examples/none/out00748685.jpg,[0 0 0 1]
237,"D:\WindowsNoEditor\PythonAPI\examples	t\out00089330.jpg",[0 1 0 0]
465,"D:\WindowsNoEditor\PythonAPI\examples	t\out00102461.jpg",[0 1 0 0]
519,D:/WindowsNoEditor/PythonAPI/examples/green/out00745900.jpg,[0 0 1 0]
301,"D:\WindowsNoEditor\PythonAPI\examples	t\out00094121.jpg",[1 0 0 0]
206,"D:\WindowsNoEditor\PythonAPI\examples	t\out00088205.jpg",[0 1 0 0]
635,D:/WindowsNoEditor/PythonAPI/examples/green/out00760658.jpg,[0 0 1 0]
361,"D:\WindowsNoEditor\PythonAPI\examples	t\out00096640.jpg",[0 1 0 0]
425,"D:\WindowsNoEditor\PythonAPI\examples	t\out00099225.jpg",[1 0 0 0]
789,D:/WindowsNoEditor/PythonAPI/examples/none/out00745757.jpg,[0 0 0 1]
238,"D:\WindowsNoEditor\PythonAPI\examples	t\out00089331.jpg",[0 1 0 0]
625,D:/WindowsNoEditor/PythonAPI/examples/green/out00760648.jpg,[0 0 1 0]
575,D:/WindowsNoEditor/PythonAPI/examples/green/out00757695.jpg,[0 0 1 0]
690,D:/WindowsNoEditor/PythonAPI/examples/green/out00761429.jpg,[0 0 1 0]
751,D:/WindowsNoEditor/PythonAPI/examples/green/out00873302.jpg,[0 0 1 0]
754,D:/WindowsNoEditor/PythonAPI/examples/green/out00873305.jpg,[0 0 1 0]
158,"D:\WindowsNoEditor\PythonAPI\examples	t\out00086740.jpg",[0 1 0 0]
130,"D:\WindowsNoEditor\PythonAPI\examples	t\out00086406.jpg",[0 1 0 0]
780,D:/WindowsNoEditor/PythonAPI/examples/none/out00745748.jpg,[0 0 0 1]
590,D:/WindowsNoEditor/PythonAPI/examples/green/out00757710.jpg,[0 0 1 0]
946,D:/WindowsNoEditor/PythonAPI/examples/none/out00785762.jpg,[0 0 0 1]
771,D:/WindowsNoEditor/PythonAPI/examples/none/out00745299.jpg,[0 0 0 1]
564,D:/WindowsNoEditor/PythonAPI/examples/green/out00755454.jpg,[0 0 1 0]
222,"D:\WindowsNoEditor\PythonAPI\examples	t\out00089315.jpg",[0 1 0 0]
64,"D:\WindowsNoEditor\PythonAPI\examples	t\out00082212.jpg",[1 0 0 0]
500,D:/WindowsNoEditor/PythonAPI/examples/green/out00745881.jpg,[0 0 1 0]
161,"D:\WindowsNoEditor\PythonAPI\examples	t\out00086743.jpg",[0 1 0 0]
277,"D:\WindowsNoEditor\PythonAPI\examples	t\out00090828.jpg",[1 0 0 0]
803,D:/WindowsNoEditor/PythonAPI/examples/none/out00746739.jpg,[0 0 0 1]
518,D:/WindowsNoEditor/PythonAPI/examples/green/out00745899.jpg,[0 0 1 0]
129,"D:\WindowsNoEditor\PythonAPI\examples	t\out00086405.jpg",[0 1 0 0]
141,"D:\WindowsNoEditor\PythonAPI\examples	t\out00086723.jpg",[0 1 0 0]
258,"D:\WindowsNoEditor\PythonAPI\examples	t\out00090146.jpg",[0 1 0 0]
364,"D:\WindowsNoEditor\PythonAPI\examples	t\out00096643.jpg",[0 1 0 0]
585,D:/WindowsNoEditor/PythonAPI/examples/green/out00757705.jpg,[0 0 1 0]
0,"D:\WindowsNoEditor\PythonAPI\examples	t\out00074488.jpg",[1 0 0 0]
476,"D:\WindowsNoEditor\PythonAPI\examples	t\out00102472.jpg",[1 0 0 0]
9,"D:\WindowsNoEditor\PythonAPI\examples	t\out00075436.jpg",[1 0 0 0]
568,D:/WindowsNoEditor/PythonAPI/examples/green/out00755458.jpg,[0 0 1 0]
314,"D:\WindowsNoEditor\PythonAPI\examples	t\out00095553.jpg",[1 0 0 0]
84,"D:\WindowsNoEditor\PythonAPI\examples	t\out00083697.jpg",[1 0 0 0]
4,"D:\WindowsNoEditor\PythonAPI\examples	t\out00074729.jpg",[1 0 0 0]
197,"D:\WindowsNoEditor\PythonAPI\examples	t\out00088196.jpg",[0 1 0 0]
974,D:/WindowsNoEditor/PythonAPI/examples/none/out00794082.jpg,[0 0 0 1]
352,"D:\WindowsNoEditor\PythonAPI\examples	t\out00096631.jpg",[0 1 0 0]
440,"D:\WindowsNoEditor\PythonAPI\examples	t\out00100874.jpg",[1 0 0 0]
187,"D:\WindowsNoEditor\PythonAPI\examples	t\out00088081.jpg",[1 0 0 0]
752,D:/WindowsNoEditor/PythonAPI/examples/green/out00873303.jpg,[0 0 1 0]
835,D:/WindowsNoEditor/PythonAPI/examples/none/out00748675.jpg,[0 0 0 1]
58,"D:\WindowsNoEditor\PythonAPI\examples	t\out00081468.jpg",[1 0 0 0]
958,D:/WindowsNoEditor/PythonAPI/examples/none/out00794066.jpg,[0 0 0 1]
547,D:/WindowsNoEditor/PythonAPI/examples/green/out00755437.jpg,[0 0 1 0]
423,"D:\WindowsNoEditor\PythonAPI\examples	t\out00099127.jpg",[1 0 0 0]
143,"D:\WindowsNoEditor\PythonAPI\examples	t\out00086725.jpg",[0 1 0 0]
811,D:/WindowsNoEditor/PythonAPI/examples/none/out00746912.jpg,[0 0 0 1]
355,"D:\WindowsNoEditor\PythonAPI\examples	t\out00096634.jpg",[0 1 0 0]
627,D:/WindowsNoEditor/PythonAPI/examples/green/out00760650.jpg,[0 0 1 0]
992,D:/WindowsNoEditor/PythonAPI/examples/none/out00794810.jpg,[0 0 0 1]
154,"D:\WindowsNoEditor\PythonAPI\examples	t\out00086736.jpg",[0 1 0 0]
26,"D:\WindowsNoEditor\PythonAPI\examples	t\out00077886.jpg",[1 0 0 0]
1011,D:/WindowsNoEditor/PythonAPI/examples/none/out00794829.jpg,[0 0 0 1]
962,D:/WindowsNoEditor/PythonAPI/examples/none/out00794070.jpg,[0 0 0 1]
705,D:/WindowsNoEditor/PythonAPI/examples/green/out00761444.jpg,[0 0 1 0]
353,"D:\WindowsNoEditor\PythonAPI\examples	t\out00096632.jpg",[0 1 0 0]
42,"D:\WindowsNoEditor\PythonAPI\examples	t\out00079916.jpg",[1 0 0 0]
67,"D:\WindowsNoEditor\PythonAPI\examples	t\out00082320.jpg",[1 0 0 0]
380,"D:\WindowsNoEditor\PythonAPI\examples	t\out00097688.jpg",[1 0 0 0]
617,D:/WindowsNoEditor/PythonAPI/examples/green/out00759277.jpg,[0 0 1 0]
127,"D:\WindowsNoEditor\PythonAPI\examples	t\out00086403.jpg",[0 1 0 0]
831,D:/WindowsNoEditor/PythonAPI/examples/none/out00748671.jpg,[0 0 0 1]
66,"D:\WindowsNoEditor\PythonAPI\examples	t\out00082319.jpg",[1 0 0 0]
927,D:/WindowsNoEditor/PythonAPI/examples/none/out00782160.jpg,[0 0 0 1]
800,D:/WindowsNoEditor/PythonAPI/examples/none/out00746736.jpg,[0 0 0 1]
501,D:/WindowsNoEditor/PythonAPI/examples/green/out00745882.jpg,[0 0 1 0]
262,"D:\WindowsNoEditor\PythonAPI\examples	t\out00090150.jpg",[0 1 0 0]
768,D:/WindowsNoEditor/PythonAPI/examples/none/out00745296.jpg,[0 0 0 1]
691,D:/WindowsNoEditor/PythonAPI/examples/green/out00761430.jpg,[0 0 1 0]
888,D:/WindowsNoEditor/PythonAPI/examples/none/out00781165.jpg,[0 0 0 1]
844,D:/WindowsNoEditor/PythonAPI/examples/none/out00748684.jpg,[0 0 0 1]
562,D:/WindowsNoEditor/PythonAPI/examples/green/out00755452.jpg,[0 0 1 0]
306,"D:\WindowsNoEditor\PythonAPI\examples	t\out00094939.jpg",[1 0 0 0]
90,"D:\WindowsNoEditor\PythonAPI\examples	t\out00084356.jpg",[1 0 0 0]
520,D:/WindowsNoEditor/PythonAPI/examples/green/out00755072.jpg,[0 0 1 0]
365,"D:\WindowsNoEditor\PythonAPI\examples	t\out00096644.jpg",[0 1 0 0]
997,D:/WindowsNoEditor/PythonAPI/examples/none/out00794815.jpg,[0 0 0 1]
921,D:/WindowsNoEditor/PythonAPI/examples/none/out00782154.jpg,[0 0 0 1]
733,D:/WindowsNoEditor/PythonAPI/examples/green/out00762209.jpg,[0 0 1 0]
708,D:/WindowsNoEditor/PythonAPI/examples/green/out00761447.jpg,[0 0 1 0]
805,D:/WindowsNoEditor/PythonAPI/examples/none/out00746741.jpg,[0 0 0 1]
345,"D:\WindowsNoEditor\PythonAPI\examples	t\out00096624.jpg",[0 1 0 0]
652,D:/WindowsNoEditor/PythonAPI/examples/green/out00761072.jpg,[0 0 1 0]
718,D:/WindowsNoEditor/PythonAPI/examples/green/out00762194.jpg,[0 0 1 0]
163,"D:\WindowsNoEditor\PythonAPI\examples	t\out00086745.jpg",[0 1 0 0]
884,D:/WindowsNoEditor/PythonAPI/examples/none/out00781161.jpg,[0 0 0 1]
898,D:/WindowsNoEditor/PythonAPI/examples/none/out00781252.jpg,[0 0 0 1]
545,D:/WindowsNoEditor/PythonAPI/examples/green/out00755435.jpg,[0 0 1 0]
330,"D:\WindowsNoEditor\PythonAPI\examples	t\out00096472.jpg",[0 1 0 0]
532,D:/WindowsNoEditor/PythonAPI/examples/green/out00755084.jpg,[0 0 1 0]
493,"D:\WindowsNoEditor\PythonAPI\examples	t\out00104146.jpg",[1 0 0 0]
247,"D:\WindowsNoEditor\PythonAPI\examples	t\out00089961.jpg",[1 0 0 0]
940,D:/WindowsNoEditor/PythonAPI/examples/none/out00785752.jpg,[0 0 0 1]
11,"D:\WindowsNoEditor\PythonAPI\examples	t\out00075984.jpg",[1 0 0 0]
660,D:/WindowsNoEditor/PythonAPI/examples/green/out00761080.jpg,[0 0 1 0]
510,D:/WindowsNoEditor/PythonAPI/examples/green/out00745891.jpg,[0 0 1 0]
534,D:/WindowsNoEditor/PythonAPI/examples/green/out00755086.jpg,[0 0 1 0]
982,D:/WindowsNoEditor/PythonAPI/examples/none/out00794090.jpg,[0 0 0 1]
257,"D:\WindowsNoEditor\PythonAPI\examples	t\out00090145.jpg",[0 1 0 0]
704,D:/WindowsNoEditor/PythonAPI/examples/green/out00761443.jpg,[0 0 1 0]
276,"D:\WindowsNoEditor\PythonAPI\examples	t\out00090290.jpg",[1 0 0 0]
317,"D:\WindowsNoEditor\PythonAPI\examples	t\out00096459.jpg",[0 1 0 0]
470,"D:\WindowsNoEditor\PythonAPI\examples	t\out00102466.jpg",[0 1 0 0]
929,D:/WindowsNoEditor/PythonAPI/examples/none/out00782162.jpg,[0 0 0 1]
538,D:/WindowsNoEditor/PythonAPI/examples/green/out00755090.jpg,[0 0 1 0]
796,D:/WindowsNoEditor/PythonAPI/examples/none/out00746732.jpg,[0 0 0 1]
200,"D:\WindowsNoEditor\PythonAPI\examples	t\out00088199.jpg",[0 1 0 0]
408,"D:\WindowsNoEditor\PythonAPI\examples	t\out00098477.jpg",[0 1 0 0]
422,"D:\WindowsNoEditor\PythonAPI\examples	t\out00099126.jpg",[1 0 0 0]
511,D:/WindowsNoEditor/PythonAPI/examples/green/out00745892.jpg,[0 0 1 0]
229,"D:\WindowsNoEditor\PythonAPI\examples	t\out00089322.jpg",[0 1 0 0]
413,"D:\WindowsNoEditor\PythonAPI\examples	t\out00098482.jpg",[0 1 0 0]
587,D:/WindowsNoEditor/PythonAPI/examples/green/out00757707.jpg,[0 0 1 0]
27,"D:\WindowsNoEditor\PythonAPI\examples	t\out00077887.jpg",[1 0 0 0]
631,D:/WindowsNoEditor/PythonAPI/examples/green/out00760654.jpg,[0 0 1 0]
199,"D:\WindowsNoEditor\PythonAPI\examples	t\out00088198.jpg",[0 1 0 0]
762,D:/WindowsNoEditor/PythonAPI/examples/green/out00873313.jpg,[0 0 1 0]
473,"D:\WindowsNoEditor\PythonAPI\examples	t\out00102469.jpg",[0 1 0 0]
474,"D:\WindowsNoEditor\PythonAPI\examples	t\out00102470.jpg",[0 1 0 0]
521,D:/WindowsNoEditor/PythonAPI/examples/green/out00755073.jpg,[0 0 1 0]
729,D:/WindowsNoEditor/PythonAPI/examples/green/out00762205.jpg,[0 0 1 0]
919,D:/WindowsNoEditor/PythonAPI/examples/none/out00782152.jpg,[0 0 0 1]
922,D:/WindowsNoEditor/PythonAPI/examples/none/out00782155.jpg,[0 0 0 1]
572,D:/WindowsNoEditor/PythonAPI/examples/green/out00755462.jpg,[0 0 1 0]
589,D:/WindowsNoEditor/PythonAPI/examples/green/out00757709.jpg,[0 0 1 0]
795,D:/WindowsNoEditor/PythonAPI/examples/none/out00746098.jpg,[0 0 0 1]
144,"D:\WindowsNoEditor\PythonAPI\examples	t\out00086726.jpg",[0 1 0 0]
703,D:/WindowsNoEditor/PythonAPI/examples/green/out00761442.jpg,[0 0 1 0]
602,D:/WindowsNoEditor/PythonAPI/examples/green/out00759262.jpg,[0 0 1 0]
878,D:/WindowsNoEditor/PythonAPI/examples/none/out00781155.jpg,[0 0 0 1]
499,D:/WindowsNoEditor/PythonAPI/examples/green/out00745880.jpg,[0 0 1 0]
971,D:/WindowsNoEditor/PythonAPI/examples/none/out00794079.jpg,[0 0 0 1]
295,"D:\WindowsNoEditor\PythonAPI\examples	t\out00093437.jpg",[1 0 0 0]
53,"D:\WindowsNoEditor\PythonAPI\examples	t\out00080823.jpg",[1 0 0 0]
347,"D:\WindowsNoEditor\PythonAPI\examples	t\out00096626.jpg",[0 1 0 0]
720,D:/WindowsNoEditor/PythonAPI/examples/green/out00762196.jpg,[0 0 1 0]
907,D:/WindowsNoEditor/PythonAPI/examples/none/out00781737.jpg,[0 0 0 1]
722,D:/WindowsNoEditor/PythonAPI/examples/green/out00762198.jpg,[0 0 1 0]
52,"D:\WindowsNoEditor\PythonAPI\examples	t\out00080822.jpg",[1 0 0 0]
72,"D:\WindowsNoEditor\PythonAPI\examples	t\out00082742.jpg",[0 1 0 0]
887,D:/WindowsNoEditor/PythonAPI/examples/none/out00781164.jpg,[0 0 0 1]
939,D:/WindowsNoEditor/PythonAPI/examples/none/out00785751.jpg,[0 0 0 1]
164,"D:\WindowsNoEditor\PythonAPI\examples	t\out00086746.jpg",[0 1 0 0]
834,D:/WindowsNoEditor/PythonAPI/examples/none/out00748674.jpg,[0 0 0 1]
370,"D:\WindowsNoEditor\PythonAPI\examples	t\out00096649.jpg",[1 0 0 0]
526,D:/WindowsNoEditor/PythonAPI/examples/green/out00755078.jpg,[0 0 1 0]
417,"D:\WindowsNoEditor\PythonAPI\examples	t\out00098486.jpg",[1 0 0 0]
732,D:/WindowsNoEditor/PythonAPI/examples/green/out00762208.jpg,[0 0 1 0]
431,"D:\WindowsNoEditor\PythonAPI\examples	t\out00099907.jpg",[1 0 0 0]
202,"D:\WindowsNoEditor\PythonAPI\examples	t\out00088201.jpg",[0 1 0 0]
618,D:/WindowsNoEditor/PythonAPI/examples/green/out00759278.jpg,[0 0 1 0]
747,D:/WindowsNoEditor/PythonAPI/examples/green/out00762223.jpg,[0 0 1 0]
994,D:/WindowsNoEditor/PythonAPI/examples/none/out00794812.jpg,[0 0 0 1]
54,"D:\WindowsNoEditor\PythonAPI\examples	t\out00080971.jpg",[1 0 0 0]
379,"D:\WindowsNoEditor\PythonAPI\examples	t\out00097587.jpg",[1 0 0 0]
632,D:/WindowsNoEditor/PythonAPI/examples/green/out00760655.jpg,[0 0 1 0]
28,"D:\WindowsNoEditor\PythonAPI\examples	t\out00078227.jpg",[1 0 0 0]
108,"D:\WindowsNoEditor\PythonAPI\examples	t\out00085952.jpg",[0 1 0 0]
586,D:/WindowsNoEditor/PythonAPI/examples/green/out00757706.jpg,[0 0 1 0]
375,"D:\WindowsNoEditor\PythonAPI\examples	t\out00096952.jpg",[1 0 0 0]
416,"D:\WindowsNoEditor\PythonAPI\examples	t\out00098485.jpg",[1 0 0 0]
672,D:/WindowsNoEditor/PythonAPI/examples/green/out00761092.jpg,[0 0 1 0]
168,"D:\WindowsNoEditor\PythonAPI\examples	t\out00086750.jpg",[0 1 0 0]
615,D:/WindowsNoEditor/PythonAPI/examples/green/out00759275.jpg,[0 0 1 0]
810,D:/WindowsNoEditor/PythonAPI/examples/none/out00746911.jpg,[0 0 0 1]
773,D:/WindowsNoEditor/PythonAPI/examples/none/out00745301.jpg,[0 0 0 1]
758,D:/WindowsNoEditor/PythonAPI/examples/green/out00873309.jpg,[0 0 1 0]
363,"D:\WindowsNoEditor\PythonAPI\examples	t\out00096642.jpg",[0 1 0 0]
685,D:/WindowsNoEditor/PythonAPI/examples/green/out00761424.jpg,[0 0 1 0]
785,D:/WindowsNoEditor/PythonAPI/examples/none/out00745753.jpg,[0 0 0 1]
517,D:/WindowsNoEditor/PythonAPI/examples/green/out00745898.jpg,[0 0 1 0]
464,"D:\WindowsNoEditor\PythonAPI\examples	t\out00102460.jpg",[0 1 0 0]
219,"D:\WindowsNoEditor\PythonAPI\examples	t\out00089312.jpg",[0 1 0 0]
392,"D:\WindowsNoEditor\PythonAPI\examples	t\out00098461.jpg",[0 1 0 0]
284,"D:\WindowsNoEditor\PythonAPI\examples	t\out00091678.jpg",[1 0 0 0]
490,"D:\WindowsNoEditor\PythonAPI\examples	t\out00104033.jpg",[1 0 0 0]
914,D:/WindowsNoEditor/PythonAPI/examples/none/out00781751.jpg,[0 0 0 1]
428,"D:\WindowsNoEditor\PythonAPI\examples	t\out00099807.jpg",[1 0 0 0]
368,"D:\WindowsNoEditor\PythonAPI\examples	t\out00096647.jpg",[0 1 0 0]
552,D:/WindowsNoEditor/PythonAPI/examples/green/out00755442.jpg,[0 0 1 0]
427,"D:\WindowsNoEditor\PythonAPI\examples	t\out00099684.jpg",[1 0 0 0]
665,D:/WindowsNoEditor/PythonAPI/examples/green/out00761085.jpg,[0 0 1 0]
709,D:/WindowsNoEditor/PythonAPI/examples/green/out00761448.jpg,[0 0 1 0]
438,"D:\WindowsNoEditor\PythonAPI\examples	t\out00100758.jpg",[1 0 0 0]
336,"D:\WindowsNoEditor\PythonAPI\examples	t\out00096478.jpg",[0 1 0 0]
951,D:/WindowsNoEditor/PythonAPI/examples/none/out00794055.jpg,[0 0 0 1]
827,D:/WindowsNoEditor/PythonAPI/examples/none/out00746928.jpg,[0 0 0 1]
308,"D:\WindowsNoEditor\PythonAPI\examples	t\out00095119.jpg",[1 0 0 0]
255,"D:\WindowsNoEditor\PythonAPI\examples	t\out00090143.jpg",[0 1 0 0]
738,D:/WindowsNoEditor/PythonAPI/examples/green/out00762214.jpg,[0 0 1 0]
335,"D:\WindowsNoEditor\PythonAPI\examples	t\out00096477.jpg",[0 1 0 0]
304,"D:\WindowsNoEditor\PythonAPI\examples	t\out00094249.jpg",[1 0 0 0]
358,"D:\WindowsNoEditor\PythonAPI\examples	t\out00096637.jpg",[0 1 0 0]
984,D:/WindowsNoEditor/PythonAPI/examples/none/out00794092.jpg,[0 0 0 1]
567,D:/WindowsNoEditor/PythonAPI/examples/green/out00755457.jpg,[0 0 1 0]
397,"D:\WindowsNoEditor\PythonAPI\examples	t\out00098466.jpg",[0 1 0 0]
825,D:/WindowsNoEditor/PythonAPI/examples/none/out00746926.jpg,[0 0 0 1]
406,"D:\WindowsNoEditor\PythonAPI\examples	t\out00098475.jpg",[0 1 0 0]
646,D:/WindowsNoEditor/PythonAPI/examples/green/out00760669.jpg,[0 0 1 0]
928,D:/WindowsNoEditor/PythonAPI/examples/none/out00782161.jpg,[0 0 0 1]
367,"D:\WindowsNoEditor\PythonAPI\examples	t\out00096646.jpg",[0 1 0 0]
541,D:/WindowsNoEditor/PythonAPI/examples/green/out00755431.jpg,[0 0 1 0]
543,D:/WindowsNoEditor/PythonAPI/examples/green/out00755433.jpg,[0 0 1 0]
50,"D:\WindowsNoEditor\PythonAPI\examples	t\out00080706.jpg",[1 0 0 0]
326,"D:\WindowsNoEditor\PythonAPI\examples	t\out00096468.jpg",[0 1 0 0]
420,"D:\WindowsNoEditor\PythonAPI\examples	t\out00098937.jpg",[1 0 0 0]
516,D:/WindowsNoEditor/PythonAPI/examples/green/out00745897.jpg,[0 0 1 0]
598,D:/WindowsNoEditor/PythonAPI/examples/green/out00759258.jpg,[0 0 1 0]
49,"D:\WindowsNoEditor\PythonAPI\examples	t\out00080510.jpg",[1 0 0 0]
327,"D:\WindowsNoEditor\PythonAPI\examples	t\out00096469.jpg",[0 1 0 0]
724,D:/WindowsNoEditor/PythonAPI/examples/green/out00762200.jpg,[0 0 1 0]
909,D:/WindowsNoEditor/PythonAPI/examples/none/out00781746.jpg,[0 0 0 1]
915,D:/WindowsNoEditor/PythonAPI/examples/none/out00781752.jpg,[0 0 0 1]
977,D:/WindowsNoEditor/PythonAPI/examples/none/out00794085.jpg,[0 0 0 1]
641,D:/WindowsNoEditor/PythonAPI/examples/green/out00760664.jpg,[0 0 1 0]
98,"D:\WindowsNoEditor\PythonAPI\examples	t\out00084667.jpg",[1 0 0 0]
695,D:/WindowsNoEditor/PythonAPI/examples/green/out00761434.jpg,[0 0 1 0]
291,"D:\WindowsNoEditor\PythonAPI\examples	t\out00092801.jpg",[1 0 0 0]
19,"D:\WindowsNoEditor\PythonAPI\examples	t\out00076540.jpg",[1 0 0 0]
105,"D:\WindowsNoEditor\PythonAPI\examples	t\out00085949.jpg",[0 1 0 0]
863,D:/WindowsNoEditor/PythonAPI/examples/none/out00764920.jpg,[0 0 0 1]
381,"D:\WindowsNoEditor\PythonAPI\examples	t\out00097689.jpg",[1 0 0 0]
280,"D:\WindowsNoEditor\PythonAPI\examples	t\out00091200.jpg",[1 0 0 0]
551,D:/WindowsNoEditor/PythonAPI/examples/green/out00755441.jpg,[0 0 1 0]
525,D:/WindowsNoEditor/PythonAPI/examples/green/out00755077.jpg,[0 0 1 0]
311,"D:\WindowsNoEditor\PythonAPI\examples	t\out00095440.jpg",[1 0 0 0]
57,"D:\WindowsNoEditor\PythonAPI\examples	t\out00081348.jpg",[1 0 0 0]
707,D:/WindowsNoEditor/PythonAPI/examples/green/out00761446.jpg,[0 0 1 0]
331,"D:\WindowsNoEditor\PythonAPI\examples	t\out00096473.jpg",[0 1 0 0]
892,D:/WindowsNoEditor/PythonAPI/examples/none/out00781169.jpg,[0 0 0 1]
787,D:/WindowsNoEditor/PythonAPI/examples/none/out00745755.jpg,[0 0 0 1]
240,"D:\WindowsNoEditor\PythonAPI\examples	t\out00089333.jpg",[0 1 0 0]
372,"D:\WindowsNoEditor\PythonAPI\examples	t\out00096826.jpg",[1 0 0 0]
8,"D:\WindowsNoEditor\PythonAPI\examples	t\out00075435.jpg",[1 0 0 0]
668,D:/WindowsNoEditor/PythonAPI/examples/green/out00761088.jpg,[0 0 1 0]
885,D:/WindowsNoEditor/PythonAPI/examples/none/out00781162.jpg,[0 0 0 1]
82,"D:\WindowsNoEditor\PythonAPI\examples	t\out00083504.jpg",[1 0 0 0]
83,"D:\WindowsNoEditor\PythonAPI\examples	t\out00083505.jpg",[1 0 0 0]
376,"D:\WindowsNoEditor\PythonAPI\examples	t\out00097055.jpg",[1 0 0 0]
350,"D:\WindowsNoEditor\PythonAPI\examples	t\out00096629.jpg",[0 1 0 0]
998,D:/WindowsNoEditor/PythonAPI/examples/none/out00794816.jpg,[0 0 0 1]
453,"D:\WindowsNoEditor\PythonAPI\examples	t\out00102449.jpg",[0 1 0 0]
205,"D:\WindowsNoEditor\PythonAPI\examples	t\out00088204.jpg",[0 1 0 0]
935,D:/WindowsNoEditor/PythonAPI/examples/none/out00782172.jpg,[0 0 0 1]
869,D:/WindowsNoEditor/PythonAPI/examples/none/out00764926.jpg,[0 0 0 1]
970,D:/WindowsNoEditor/PythonAPI/examples/none/out00794078.jpg,[0 0 0 1]
162,"D:\WindowsNoEditor\PythonAPI\examples	t\out00086744.jpg",[0 1 0 0]
993,D:/WindowsNoEditor/PythonAPI/examples/none/out00794811.jpg,[0 0 0 1]
103,"D:\WindowsNoEditor\PythonAPI\examples	t\out00084975.jpg",[1 0 0 0]
991,D:/WindowsNoEditor/PythonAPI/examples/none/out00794809.jpg,[0 0 0 1]
671,D:/WindowsNoEditor/PythonAPI/examples/green/out00761091.jpg,[0 0 1 0]
858,D:/WindowsNoEditor/PythonAPI/examples/none/out00764915.jpg,[0 0 0 1]
621,D:/WindowsNoEditor/PythonAPI/examples/green/out00760644.jpg,[0 0 1 0]
573,D:/WindowsNoEditor/PythonAPI/examples/green/out00755463.jpg,[0 0 1 0]
686,D:/WindowsNoEditor/PythonAPI/examples/green/out00761425.jpg,[0 0 1 0]
388,"D:\WindowsNoEditor\PythonAPI\examples	t\out00097885.jpg",[1 0 0 0]
128,"D:\WindowsNoEditor\PythonAPI\examples	t\out00086404.jpg",[0 1 0 0]
920,D:/WindowsNoEditor/PythonAPI/examples/none/out00782153.jpg,[0 0 0 1]
451,"D:\WindowsNoEditor\PythonAPI\examples	t\out00102447.jpg",[0 1 0 0]
86,"D:\WindowsNoEditor\PythonAPI\examples	t\out00083821.jpg",[1 0 0 0]
576,D:/WindowsNoEditor/PythonAPI/examples/green/out00757696.jpg,[0 0 1 0]
981,D:/WindowsNoEditor/PythonAPI/examples/none/out00794089.jpg,[0 0 0 1]
32,"D:\WindowsNoEditor\PythonAPI\examples	t\out00078873.jpg",[1 0 0 0]
497,"D:\WindowsNoEditor\PythonAPI\examples	t\out00104433.jpg",[1 0 0 0]
287,"D:\WindowsNoEditor\PythonAPI\examples	t\out00091974.jpg",[1 0 0 0]
357,"D:\WindowsNoEditor\PythonAPI\examples	t\out00096636.jpg",[0 1 0 0]
710,D:/WindowsNoEditor/PythonAPI/examples/green/out00761449.jpg,[0 0 1 0]
339,"D:\WindowsNoEditor\PythonAPI\examples	t\out00096481.jpg",[0 1 0 0]
3,"D:\WindowsNoEditor\PythonAPI\examples	t\out00074592.jpg",[1 0 0 0]
110,"D:\WindowsNoEditor\PythonAPI\examples	t\out00085954.jpg",[0 1 0 0]
340,"D:\WindowsNoEditor\PythonAPI\examples	t\out00096482.jpg",[0 1 0 0]
264,"D:\WindowsNoEditor\PythonAPI\examples	t\out00090152.jpg",[0 1 0 0]
697,D:/WindowsNoEditor/PythonAPI/examples/green/out00761436.jpg,[0 0 1 0]
126,"D:\WindowsNoEditor\PythonAPI\examples	t\out00086402.jpg",[0 1 0 0]
78,"D:\WindowsNoEditor\PythonAPI\examples	t\out00083087.jpg",[1 0 0 0]
362,"D:\WindowsNoEditor\PythonAPI\examples	t\out00096641.jpg",[0 1 0 0]
651,D:/WindowsNoEditor/PythonAPI/examples/green/out00761071.jpg,[0 0 1 0]
292,"D:\WindowsNoEditor\PythonAPI\examples	t\out00092802.jpg",[1 0 0 0]
71,"D:\WindowsNoEditor\PythonAPI\examples	t\out00082611.jpg",[1 0 0 0]
198,"D:\WindowsNoEditor\PythonAPI\examples	t\out00088197.jpg",[0 1 0 0]
681,D:/WindowsNoEditor/PythonAPI/examples/green/out00761101.jpg,[0 0 1 0]
136,"D:\WindowsNoEditor\PythonAPI\examples	t\out00086412.jpg",[1 0 0 0]
514,D:/WindowsNoEditor/PythonAPI/examples/green/out00745895.jpg,[0 0 1 0]
721,D:/WindowsNoEditor/PythonAPI/examples/green/out00762197.jpg,[0 0 1 0]
917,D:/WindowsNoEditor/PythonAPI/examples/none/out00781754.jpg,[0 0 0 1]
459,"D:\WindowsNoEditor\PythonAPI\examples	t\out00102455.jpg",[0 1 0 0]
156,"D:\WindowsNoEditor\PythonAPI\examples	t\out00086738.jpg",[0 1 0 0]
979,D:/WindowsNoEditor/PythonAPI/examples/none/out00794087.jpg,[0 0 0 1]
135,"D:\WindowsNoEditor\PythonAPI\examples	t\out00086411.jpg",[1 0 0 0]
483,"D:\WindowsNoEditor\PythonAPI\examples	t\out00103223.jpg",[1 0 0 0]
783,D:/WindowsNoEditor/PythonAPI/examples/none/out00745751.jpg,[0 0 0 1]
515,D:/WindowsNoEditor/PythonAPI/examples/green/out00745896.jpg,[0 0 1 0]
830,D:/WindowsNoEditor/PythonAPI/examples/none/out00748670.jpg,[0 0 0 1]
456,"D:\WindowsNoEditor\PythonAPI\examples	t\out00102452.jpg",[0 1 0 0]
328,"D:\WindowsNoEditor\PythonAPI\examples	t\out00096470.jpg",[0 1 0 0]
816,D:/WindowsNoEditor/PythonAPI/examples/none/out00746917.jpg,[0 0 0 1]
13,"D:\WindowsNoEditor\PythonAPI\examples	t\out00076100.jpg",[1 0 0 0]
630,D:/WindowsNoEditor/PythonAPI/examples/green/out00760653.jpg,[0 0 1 0]
366,"D:\WindowsNoEditor\PythonAPI\examples	t\out00096645.jpg",[0 1 0 0]
961,D:/WindowsNoEditor/PythonAPI/examples/none/out00794069.jpg,[0 0 0 1]
479,"D:\WindowsNoEditor\PythonAPI\examples	t\out00102820.jpg",[1 0 0 0]
556,D:/WindowsNoEditor/PythonAPI/examples/green/out00755446.jpg,[0 0 1 0]
657,D:/WindowsNoEditor/PythonAPI/examples/green/out00761077.jpg,[0 0 1 0]
746,D:/WindowsNoEditor/PythonAPI/examples/green/out00762222.jpg,[0 0 1 0]
736,D:/WindowsNoEditor/PythonAPI/examples/green/out00762212.jpg,[0 0 1 0]
1008,D:/WindowsNoEditor/PythonAPI/examples/none/out00794826.jpg,[0 0 0 1]
338,"D:\WindowsNoEditor\PythonAPI\examples	t\out00096480.jpg",[0 1 0 0]
192,"D:\WindowsNoEditor\PythonAPI\examples	t\out00088191.jpg",[0 1 0 0]
223,"D:\WindowsNoEditor\PythonAPI\examples	t\out00089316.jpg",[0 1 0 0]
149,"D:\WindowsNoEditor\PythonAPI\examples	t\out00086731.jpg",[0 1 0 0]
172,"D:\WindowsNoEditor\PythonAPI\examples	t\out00086848.jpg",[1 0 0 0]
743,D:/WindowsNoEditor/PythonAPI/examples/green/out00762219.jpg,[0 0 1 0]
894,D:/WindowsNoEditor/PythonAPI/examples/none/out00781171.jpg,[0 0 0 1]
468,"D:\WindowsNoEditor\PythonAPI\examples	t\out00102464.jpg",[0 1 0 0]
97,"D:\WindowsNoEditor\PythonAPI\examples	t\out00084666.jpg",[0 1 0 0]
63,"D:\WindowsNoEditor\PythonAPI\examples	t\out00081676.jpg",[1 0 0 0]
384,"D:\WindowsNoEditor\PythonAPI\examples	t\out00097881.jpg",[0 1 0 0]
153,"D:\WindowsNoEditor\PythonAPI\examples	t\out00086735.jpg",[0 1 0 0]
989,D:/WindowsNoEditor/PythonAPI/examples/none/out00794807.jpg,[0 0 0 1]
215,"D:\WindowsNoEditor\PythonAPI\examples	t\out00089012.jpg",[1 0 0 0]
529,D:/WindowsNoEditor/PythonAPI/examples/green/out00755081.jpg,[0 0 1 0]
975,D:/WindowsNoEditor/PythonAPI/examples/none/out00794083.jpg,[0 0 0 1]
480,"D:\WindowsNoEditor\PythonAPI\examples	t\out00102948.jpg",[1 0 0 0]
377,"D:\WindowsNoEditor\PythonAPI\examples	t\out00097056.jpg",[1 0 0 0]
1002,D:/WindowsNoEditor/PythonAPI/examples/none/out00794820.jpg,[0 0 0 1]
563,D:/WindowsNoEditor/PythonAPI/examples/green/out00755453.jpg,[0 0 1 0]
715,D:/WindowsNoEditor/PythonAPI/examples/green/out00761454.jpg,[0 0 1 0]
539,D:/WindowsNoEditor/PythonAPI/examples/green/out00755091.jpg,[0 0 1 0]
435,"D:\WindowsNoEditor\PythonAPI\examples	t\out00100403.jpg",[1 0 0 0]
655,D:/WindowsNoEditor/PythonAPI/examples/green/out00761075.jpg,[0 0 1 0]
948,D:/WindowsNoEditor/PythonAPI/examples/none/out00785768.jpg,[0 0 0 1]
433,"D:\WindowsNoEditor\PythonAPI\examples	t\out00100023.jpg",[1 0 0 0]
848,D:/WindowsNoEditor/PythonAPI/examples/none/out00748688.jpg,[0 0 0 1]
591,D:/WindowsNoEditor/PythonAPI/examples/green/out00757711.jpg,[0 0 1 0]
908,D:/WindowsNoEditor/PythonAPI/examples/none/out00781745.jpg,[0 0 0 1]
76,"D:\WindowsNoEditor\PythonAPI\examples	t\out00082746.jpg",[1 0 0 0]
401,"D:\WindowsNoEditor\PythonAPI\examples	t\out00098470.jpg",[0 1 0 0]
429,"D:\WindowsNoEditor\PythonAPI\examples	t\out00099808.jpg",[1 0 0 0]
792,D:/WindowsNoEditor/PythonAPI/examples/none/out00746095.jpg,[0 0 0 1]
458,"D:\WindowsNoEditor\PythonAPI\examples	t\out00102454.jpg",[0 1 0 0]
266,"D:\WindowsNoEditor\PythonAPI\examples	t\out00090154.jpg",[0 1 0 0]
260,"D:\WindowsNoEditor\PythonAPI\examples	t\out00090148.jpg",[0 1 0 0]
445,"D:\WindowsNoEditor\PythonAPI\examples	t\out00101562.jpg",[1 0 0 0]
875,D:/WindowsNoEditor/PythonAPI/examples/none/out00781152.jpg,[0 0 0 1]
455,"D:\WindowsNoEditor\PythonAPI\examples	t\out00102451.jpg",[0 1 0 0]
248,"D:\WindowsNoEditor\PythonAPI\examples	t\out00089962.jpg",[1 0 0 0]
227,"D:\WindowsNoEditor\PythonAPI\examples	t\out00089320.jpg",[0 1 0 0]
728,D:/WindowsNoEditor/PythonAPI/examples/green/out00762204.jpg,[0 0 1 0]
80,"D:\WindowsNoEditor\PythonAPI\examples	t\out00083220.jpg",[1 0 0 0]
20,"D:\WindowsNoEditor\PythonAPI\examples	t\out00076878.jpg",[1 0 0 0]
507,D:/WindowsNoEditor/PythonAPI/examples/green/out00745888.jpg,[0 0 1 0]
390,"D:\WindowsNoEditor\PythonAPI\examples	t\out00098015.jpg",[1 0 0 0]
305,"D:\WindowsNoEditor\PythonAPI\examples	t\out00094938.jpg",[1 0 0 0]
843,D:/WindowsNoEditor/PythonAPI/examples/none/out00748683.jpg,[0 0 0 1]
910,D:/WindowsNoEditor/PythonAPI/examples/none/out00781747.jpg,[0 0 0 1]
484,"D:\WindowsNoEditor\PythonAPI\examples	t\out00103412.jpg",[1 0 0 0]
579,D:/WindowsNoEditor/PythonAPI/examples/green/out00757699.jpg,[0 0 1 0]
102,"D:\WindowsNoEditor\PythonAPI\examples	t\out00084974.jpg",[1 0 0 0]
471,"D:\WindowsNoEditor\PythonAPI\examples	t\out00102467.jpg",[0 1 0 0]
742,D:/WindowsNoEditor/PythonAPI/examples/green/out00762218.jpg,[0 0 1 0]
47,"D:\WindowsNoEditor\PythonAPI\examples	t\out00080389.jpg",[1 0 0 0]
424,"D:\WindowsNoEditor\PythonAPI\examples	t\out00099224.jpg",[1 0 0 0]
24,"D:\WindowsNoEditor\PythonAPI\examples	t\out00077528.jpg",[1 0 0 0]
393,"D:\WindowsNoEditor\PythonAPI\examples	t\out00098462.jpg",[0 1 0 0]
478,"D:\WindowsNoEditor\PythonAPI\examples	t\out00102819.jpg",[1 0 0 0]
528,D:/WindowsNoEditor/PythonAPI/examples/green/out00755080.jpg,[0 0 1 0]
725,D:/WindowsNoEditor/PythonAPI/examples/green/out00762201.jpg,[0 0 1 0]
653,D:/WindowsNoEditor/PythonAPI/examples/green/out00761073.jpg,[0 0 1 0]
854,D:/WindowsNoEditor/PythonAPI/examples/none/out00764911.jpg,[0 0 0 1]
798,D:/WindowsNoEditor/PythonAPI/examples/none/out00746734.jpg,[0 0 0 1]
1004,D:/WindowsNoEditor/PythonAPI/examples/none/out00794822.jpg,[0 0 0 1]
116,"D:\WindowsNoEditor\PythonAPI\examples	t\out00085960.jpg",[0 1 0 0]
661,D:/WindowsNoEditor/PythonAPI/examples/green/out00761081.jpg,[0 0 1 0]
644,D:/WindowsNoEditor/PythonAPI/examples/green/out00760667.jpg,[0 0 1 0]
169,"D:\WindowsNoEditor\PythonAPI\examples	t\out00086751.jpg",[0 1 0 0]
146,"D:\WindowsNoEditor\PythonAPI\examples	t\out00086728.jpg",[0 1 0 0]
924,D:/WindowsNoEditor/PythonAPI/examples/none/out00782157.jpg,[0 0 0 1]
594,D:/WindowsNoEditor/PythonAPI/examples/green/out00757714.jpg,[0 0 1 0]
171,"D:\WindowsNoEditor\PythonAPI\examples	t\out00086753.jpg",[1 0 0 0]
540,D:/WindowsNoEditor/PythonAPI/examples/green/out00755092.jpg,[0 0 1 0]
808,D:/WindowsNoEditor/PythonAPI/examples/none/out00746909.jpg,[0 0 0 1]
297,"D:\WindowsNoEditor\PythonAPI\examples	t\out00093809.jpg",[1 0 0 0]
117,"D:\WindowsNoEditor\PythonAPI\examples	t\out00085961.jpg",[0 1 0 0]
643,D:/WindowsNoEditor/PythonAPI/examples/green/out00760666.jpg,[0 0 1 0]
802,D:/WindowsNoEditor/PythonAPI/examples/none/out00746738.jpg,[0 0 0 1]
689,D:/WindowsNoEditor/PythonAPI/examples/green/out00761428.jpg,[0 0 1 0]
318,"D:\WindowsNoEditor\PythonAPI\examples	t\out00096460.jpg",[0 1 0 0]
906,D:/WindowsNoEditor/PythonAPI/examples/none/out00781736.jpg,[0 0 0 1]
5,"D:\WindowsNoEditor\PythonAPI\examples	t\out00074730.jpg",[1 0 0 0]
467,"D:\WindowsNoEditor\PythonAPI\examples	t\out00102463.jpg",[0 1 0 0]
160,"D:\WindowsNoEditor\PythonAPI\examples	t\out00086742.jpg",[0 1 0 0]
36,"D:\WindowsNoEditor\PythonAPI\examples	t\out00079585.jpg",[1 0 0 0]
650,D:/WindowsNoEditor/PythonAPI/examples/green/out00760673.jpg,[0 0 1 0]
745,D:/WindowsNoEditor/PythonAPI/examples/green/out00762221.jpg,[0 0 1 0]
794,D:/WindowsNoEditor/PythonAPI/examples/none/out00746097.jpg,[0 0 0 1]
1005,D:/WindowsNoEditor/PythonAPI/examples/none/out00794823.jpg,[0 0 0 1]
817,D:/WindowsNoEditor/PythonAPI/examples/none/out00746918.jpg,[0 0 0 1]
597,D:/WindowsNoEditor/PythonAPI/examples/green/out00759257.jpg,[0 0 1 0]
629,D:/WindowsNoEditor/PythonAPI/examples/green/out00760652.jpg,[0 0 1 0]
883,D:/WindowsNoEditor/PythonAPI/examples/none/out00781160.jpg,[0 0 0 1]
596,D:/WindowsNoEditor/PythonAPI/examples/green/out00759256.jpg,[0 0 1 0]
74,"D:\WindowsNoEditor\PythonAPI\examples	t\out00082744.jpg",[0 1 0 0]
382,"D:\WindowsNoEditor\PythonAPI\examples	t\out00097879.jpg",[0 1 0 0]
610,D:/WindowsNoEditor/PythonAPI/examples/green/out00759270.jpg,[0 0 1 0]
46,"D:\WindowsNoEditor\PythonAPI\examples	t\out00080388.jpg",[1 0 0 0]
138,"D:\WindowsNoEditor\PythonAPI\examples	t\out00086601.jpg",[1 0 0 0]
454,"D:\WindowsNoEditor\PythonAPI\examples	t\out00102450.jpg",[0 1 0 0]
555,D:/WindowsNoEditor/PythonAPI/examples/green/out00755445.jpg,[0 0 1 0]
112,"D:\WindowsNoEditor\PythonAPI\examples	t\out00085956.jpg",[0 1 0 0]
148,"D:\WindowsNoEditor\PythonAPI\examples	t\out00086730.jpg",[0 1 0 0]
809,D:/WindowsNoEditor/PythonAPI/examples/none/out00746910.jpg,[0 0 0 1]
337,"D:\WindowsNoEditor\PythonAPI\examples	t\out00096479.jpg",[0 1 0 0]
121,"D:\WindowsNoEditor\PythonAPI\examples	t\out00085965.jpg",[0 1 0 0]
614,D:/WindowsNoEditor/PythonAPI/examples/green/out00759274.jpg,[0 0 1 0]
851,D:/WindowsNoEditor/PythonAPI/examples/none/out00764908.jpg,[0 0 0 1]
92,"D:\WindowsNoEditor\PythonAPI\examples	t\out00084465.jpg",[1 0 0 0]
282,"D:\WindowsNoEditor\PythonAPI\examples	t\out00091556.jpg",[1 0 0 0]
133,"D:\WindowsNoEditor\PythonAPI\examples	t\out00086409.jpg",[0 1 0 0]
606,D:/WindowsNoEditor/PythonAPI/examples/green/out00759266.jpg,[0 0 1 0]
857,D:/WindowsNoEditor/PythonAPI/examples/none/out00764914.jpg,[0 0 0 1]
118,"D:\WindowsNoEditor\PythonAPI\examples	t\out00085962.jpg",[0 1 0 0]
466,"D:\WindowsNoEditor\PythonAPI\examples	t\out00102462.jpg",[0 1 0 0]
847,D:/WindowsNoEditor/PythonAPI/examples/none/out00748687.jpg,[0 0 0 1]
536,D:/WindowsNoEditor/PythonAPI/examples/green/out00755088.jpg,[0 0 1 0]
504,D:/WindowsNoEditor/PythonAPI/examples/green/out00745885.jpg,[0 0 1 0]
35,"D:\WindowsNoEditor\PythonAPI\examples	t\out00079238.jpg",[1 0 0 0]
701,D:/WindowsNoEditor/PythonAPI/examples/green/out00761440.jpg,[0 0 1 0]
852,D:/WindowsNoEditor/PythonAPI/examples/none/out00764909.jpg,[0 0 0 1]
263,"D:\WindowsNoEditor\PythonAPI\examples	t\out00090151.jpg",[0 1 0 0]
125,"D:\WindowsNoEditor\PythonAPI\examples	t\out00086311.jpg",[1 0 0 0]
302,"D:\WindowsNoEditor\PythonAPI\examples	t\out00094122.jpg",[1 0 0 0]
959,D:/WindowsNoEditor/PythonAPI/examples/none/out00794067.jpg,[0 0 0 1]
124,"D:\WindowsNoEditor\PythonAPI\examples	t\out00086310.jpg",[1 0 0 0]
342,"D:\WindowsNoEditor\PythonAPI\examples	t\out00096484.jpg",[1 0 0 0]
550,D:/WindowsNoEditor/PythonAPI/examples/green/out00755440.jpg,[0 0 1 0]
696,D:/WindowsNoEditor/PythonAPI/examples/green/out00761435.jpg,[0 0 1 0]
702,D:/WindowsNoEditor/PythonAPI/examples/green/out00761441.jpg,[0 0 1 0]
274,"D:\WindowsNoEditor\PythonAPI\examples	t\out00090162.jpg",[1 0 0 0]
700,D:/WindowsNoEditor/PythonAPI/examples/green/out00761439.jpg,[0 0 1 0]
111,"D:\WindowsNoEditor\PythonAPI\examples	t\out00085955.jpg",[0 1 0 0]
923,D:/WindowsNoEditor/PythonAPI/examples/none/out00782156.jpg,[0 0 0 1]
675,D:/WindowsNoEditor/PythonAPI/examples/green/out00761095.jpg,[0 0 1 0]
189,"D:\WindowsNoEditor\PythonAPI\examples	t\out00088188.jpg",[0 1 0 0]
723,D:/WindowsNoEditor/PythonAPI/examples/green/out00762199.jpg,[0 0 1 0]
719,D:/WindowsNoEditor/PythonAPI/examples/green/out00762195.jpg,[0 0 1 0]
871,D:/WindowsNoEditor/PythonAPI/examples/none/out00764928.jpg,[0 0 0 1]
947,D:/WindowsNoEditor/PythonAPI/examples/none/out00785763.jpg,[0 0 0 1]
250,"D:\WindowsNoEditor\PythonAPI\examples	t\out00090138.jpg",[0 1 0 0]
430,"D:\WindowsNoEditor\PythonAPI\examples	t\out00099906.jpg",[1 0 0 0]
322,"D:\WindowsNoEditor\PythonAPI\examples	t\out00096464.jpg",[0 1 0 0]
913,D:/WindowsNoEditor/PythonAPI/examples/none/out00781750.jpg,[0 0 0 1]
369,"D:\WindowsNoEditor\PythonAPI\examples	t\out00096648.jpg",[0 1 0 0]
749,D:/WindowsNoEditor/PythonAPI/examples/green/out00762225.jpg,[0 0 1 0]
312,"D:\WindowsNoEditor\PythonAPI\examples	t\out00095441.jpg",[1 0 0 0]
444,"D:\WindowsNoEditor\PythonAPI\examples	t\out00101228.jpg",[1 0 0 0]
319,"D:\WindowsNoEditor\PythonAPI\examples	t\out00096461.jpg",[0 1 0 0]
814,D:/WindowsNoEditor/PythonAPI/examples/none/out00746915.jpg,[0 0 0 1]
346,"D:\WindowsNoEditor\PythonAPI\examples	t\out00096625.jpg",[0 1 0 0]
611,D:/WindowsNoEditor/PythonAPI/examples/green/out00759271.jpg,[0 0 1 0]
902,D:/WindowsNoEditor/PythonAPI/examples/none/out00781263.jpg,[0 0 0 1]
692,D:/WindowsNoEditor/PythonAPI/examples/green/out00761431.jpg,[0 0 1 0]
494,"D:\WindowsNoEditor\PythonAPI\examples	t\out00104242.jpg",[1 0 0 0]
856,D:/WindowsNoEditor/PythonAPI/examples/none/out00764913.jpg,[0 0 0 1]
824,D:/WindowsNoEditor/PythonAPI/examples/none/out00746925.jpg,[0 0 0 1]
945,D:/WindowsNoEditor/PythonAPI/examples/none/out00785761.jpg,[0 0 0 1]
77,"D:\WindowsNoEditor\PythonAPI\examples	t\out00082747.jpg",[1 0 0 0]
259,"D:\WindowsNoEditor\PythonAPI\examples	t\out00090147.jpg",[0 1 0 0]
769,D:/WindowsNoEditor/PythonAPI/examples/none/out00745297.jpg,[0 0 0 1]
29,"D:\WindowsNoEditor\PythonAPI\examples	t\out00078228.jpg",[1 0 0 0]
498,D:/WindowsNoEditor/PythonAPI/examples/green/out00745879.jpg,[0 0 1 0]
990,D:/WindowsNoEditor/PythonAPI/examples/none/out00794808.jpg,[0 0 0 1]
791,D:/WindowsNoEditor/PythonAPI/examples/none/out00746094.jpg,[0 0 0 1]
482,"D:\WindowsNoEditor\PythonAPI\examples	t\out00103222.jpg",[1 0 0 0]
165,"D:\WindowsNoEditor\PythonAPI\examples	t\out00086747.jpg",[0 1 0 0]
916,D:/WindowsNoEditor/PythonAPI/examples/none/out00781753.jpg,[0 0 0 1]
2,"D:\WindowsNoEditor\PythonAPI\examples	t\out00074591.jpg",[1 0 0 0]
283,"D:\WindowsNoEditor\PythonAPI\examples	t\out00091677.jpg",[1 0 0 0]
414,"D:\WindowsNoEditor\PythonAPI\examples	t\out00098483.jpg",[0 1 0 0]
34,"D:\WindowsNoEditor\PythonAPI\examples	t\out00079237.jpg",[1 0 0 0]
122,"D:\WindowsNoEditor\PythonAPI\examples	t\out00085966.jpg",[1 0 0 0]
711,D:/WindowsNoEditor/PythonAPI/examples/green/out00761450.jpg,[0 0 1 0]
717,D:/WindowsNoEditor/PythonAPI/examples/green/out00762193.jpg,[0 0 1 0]
270,"D:\WindowsNoEditor\PythonAPI\examples	t\out00090158.jpg",[0 1 0 0]
698,D:/WindowsNoEditor/PythonAPI/examples/green/out00761437.jpg,[0 0 1 0]
241,"D:\WindowsNoEditor\PythonAPI\examples	t\out00089334.jpg",[1 0 0 0]
512,D:/WindowsNoEditor/PythonAPI/examples/green/out00745893.jpg,[0 0 1 0]
196,"D:\WindowsNoEditor\PythonAPI\examples	t\out00088195.jpg",[0 1 0 0]
68,"D:\WindowsNoEditor\PythonAPI\examples	t\out00082510.jpg",[1 0 0 0]
273,"D:\WindowsNoEditor\PythonAPI\examples	t\out00090161.jpg",[1 0 0 0]
674,D:/WindowsNoEditor/PythonAPI/examples/green/out00761094.jpg,[0 0 1 0]
882,D:/WindowsNoEditor/PythonAPI/examples/none/out00781159.jpg,[0 0 0 1]
600,D:/WindowsNoEditor/PythonAPI/examples/green/out00759260.jpg,[0 0 1 0]
658,D:/WindowsNoEditor/PythonAPI/examples/green/out00761078.jpg,[0 0 1 0]
109,"D:\WindowsNoEditor\PythonAPI\examples	t\out00085953.jpg",[0 1 0 0]
48,"D:\WindowsNoEditor\PythonAPI\examples	t\out00080509.jpg",[1 0 0 0]
503,D:/WindowsNoEditor/PythonAPI/examples/green/out00745884.jpg,[0 0 1 0]
38,"D:\WindowsNoEditor\PythonAPI\examples	t\out00079675.jpg",[1 0 0 0]
770,D:/WindowsNoEditor/PythonAPI/examples/none/out00745298.jpg,[0 0 0 1]
872,D:/WindowsNoEditor/PythonAPI/examples/none/out00764929.jpg,[0 0 0 1]
415,"D:\WindowsNoEditor\PythonAPI\examples	t\out00098484.jpg",[0 1 0 0]
233,"D:\WindowsNoEditor\PythonAPI\examples	t\out00089326.jpg",[0 1 0 0]
640,D:/WindowsNoEditor/PythonAPI/examples/green/out00760663.jpg,[0 0 1 0]
41,"D:\WindowsNoEditor\PythonAPI\examples	t\out00079770.jpg",[1 0 0 0]
104,"D:\WindowsNoEditor\PythonAPI\examples	t\out00085948.jpg",[0 1 0 0]
881,D:/WindowsNoEditor/PythonAPI/examples/none/out00781158.jpg,[0 0 0 1]
348,"D:\WindowsNoEditor\PythonAPI\examples	t\out00096627.jpg",[0 1 0 0]
119,"D:\WindowsNoEditor\PythonAPI\examples	t\out00085963.jpg",[0 1 0 0]
976,D:/WindowsNoEditor/PythonAPI/examples/none/out00794084.jpg,[0 0 0 1]
236,"D:\WindowsNoEditor\PythonAPI\examples	t\out00089329.jpg",[0 1 0 0]
332,"D:\WindowsNoEditor\PythonAPI\examples	t\out00096474.jpg",[0 1 0 0]
838,D:/WindowsNoEditor/PythonAPI/examples/none/out00748678.jpg,[0 0 0 1]
676,D:/WindowsNoEditor/PythonAPI/examples/green/out00761096.jpg,[0 0 1 0]
896,D:/WindowsNoEditor/PythonAPI/examples/none/out00781250.jpg,[0 0 0 1]
634,D:/WindowsNoEditor/PythonAPI/examples/green/out00760657.jpg,[0 0 1 0]
619,D:/WindowsNoEditor/PythonAPI/examples/green/out00759279.jpg,[0 0 1 0]
460,"D:\WindowsNoEditor\PythonAPI\examples	t\out00102456.jpg",[0 1 0 0]
949,D:/WindowsNoEditor/PythonAPI/examples/none/out00785769.jpg,[0 0 0 1]
115,"D:\WindowsNoEditor\PythonAPI\examples	t\out00085959.jpg",[0 1 0 0]
806,D:/WindowsNoEditor/PythonAPI/examples/none/out00746742.jpg,[0 0 0 1]
926,D:/WindowsNoEditor/PythonAPI/examples/none/out00782159.jpg,[0 0 0 1]
462,"D:\WindowsNoEditor\PythonAPI\examples	t\out00102458.jpg",[0 1 0 0]
374,"D:\WindowsNoEditor\PythonAPI\examples	t\out00096951.jpg",[1 0 0 0]
706,D:/WindowsNoEditor/PythonAPI/examples/green/out00761445.jpg,[0 0 1 0]
477,"D:\WindowsNoEditor\PythonAPI\examples	t\out00102473.jpg",[1 0 0 0]
980,D:/WindowsNoEditor/PythonAPI/examples/none/out00794088.jpg,[0 0 0 1]
329,"D:\WindowsNoEditor\PythonAPI\examples	t\out00096471.jpg",[0 1 0 0]
874,D:/WindowsNoEditor/PythonAPI/examples/none/out00781151.jpg,[0 0 0 1]
378,"D:\WindowsNoEditor\PythonAPI\examples	t\out00097586.jpg",[1 0 0 0]
344,"D:\WindowsNoEditor\PythonAPI\examples	t\out00096623.jpg",[0 1 0 0]
972,D:/WindowsNoEditor/PythonAPI/examples/none/out00794080.jpg,[0 0 0 1]
91,"D:\WindowsNoEditor\PythonAPI\examples	t\out00084464.jpg",[1 0 0 0]
797,D:/WindowsNoEditor/PythonAPI/examples/none/out00746733.jpg,[0 0 0 1]
565,D:/WindowsNoEditor/PythonAPI/examples/green/out00755455.jpg,[0 0 1 0]
191,"D:\WindowsNoEditor\PythonAPI\examples	t\out00088190.jpg",[0 1 0 0]
12,"D:\WindowsNoEditor\PythonAPI\examples	t\out00076099.jpg",[1 0 0 0]
999,D:/WindowsNoEditor/PythonAPI/examples/none/out00794817.jpg,[0 0 0 1]
639,D:/WindowsNoEditor/PythonAPI/examples/green/out00760662.jpg,[0 0 1 0]
861,D:/WindowsNoEditor/PythonAPI/examples/none/out00764918.jpg,[0 0 0 1]
833,D:/WindowsNoEditor/PythonAPI/examples/none/out00748673.jpg,[0 0 0 1]
760,D:/WindowsNoEditor/PythonAPI/examples/green/out00873311.jpg,[0 0 1 0]
786,D:/WindowsNoEditor/PythonAPI/examples/none/out00745754.jpg,[0 0 0 1]
226,"D:\WindowsNoEditor\PythonAPI\examples	t\out00089319.jpg",[0 1 0 0]
524,D:/WindowsNoEditor/PythonAPI/examples/green/out00755076.jpg,[0 0 1 0]
775,D:/WindowsNoEditor/PythonAPI/examples/none/out00745303.jpg,[0 0 0 1]
756,D:/WindowsNoEditor/PythonAPI/examples/green/out00873307.jpg,[0 0 1 0]
399,"D:\WindowsNoEditor\PythonAPI\examples	t\out00098468.jpg",[0 1 0 0]
826,D:/WindowsNoEditor/PythonAPI/examples/none/out00746927.jpg,[0 0 0 1]
137,"D:\WindowsNoEditor\PythonAPI\examples	t\out00086600.jpg",[1 0 0 0]
626,D:/WindowsNoEditor/PythonAPI/examples/green/out00760649.jpg,[0 0 1 0]
87,"D:\WindowsNoEditor\PythonAPI\examples	t\out00083822.jpg",[1 0 0 0]
152,"D:\WindowsNoEditor\PythonAPI\examples	t\out00086734.jpg",[0 1 0 0]
513,D:/WindowsNoEditor/PythonAPI/examples/green/out00745894.jpg,[0 0 1 0]
859,D:/WindowsNoEditor/PythonAPI/examples/none/out00764916.jpg,[0 0 0 1]
174,"D:\WindowsNoEditor\PythonAPI\examples	t\out00086964.jpg",[1 0 0 0]
1010,D:/WindowsNoEditor/PythonAPI/examples/none/out00794828.jpg,[0 0 0 1]
251,"D:\WindowsNoEditor\PythonAPI\examples	t\out00090139.jpg",[0 1 0 0]
383,"D:\WindowsNoEditor\PythonAPI\examples	t\out00097880.jpg",[0 1 0 0]
911,D:/WindowsNoEditor/PythonAPI/examples/none/out00781748.jpg,[0 0 0 1]
203,"D:\WindowsNoEditor\PythonAPI\examples	t\out00088202.jpg",[0 1 0 0]
763,D:/WindowsNoEditor/PythonAPI/examples/green/out00873314.jpg,[0 0 1 0]
69,"D:\WindowsNoEditor\PythonAPI\examples	t\out00082511.jpg",[1 0 0 0]
957,D:/WindowsNoEditor/PythonAPI/examples/none/out00794065.jpg,[0 0 0 1]
663,D:/WindowsNoEditor/PythonAPI/examples/green/out00761083.jpg,[0 0 1 0]
341,"D:\WindowsNoEditor\PythonAPI\examples	t\out00096483.jpg",[0 1 0 0]
123,"D:\WindowsNoEditor\PythonAPI\examples	t\out00085967.jpg",[1 0 0 0]
683,D:/WindowsNoEditor/PythonAPI/examples/green/out00761103.jpg,[0 0 1 0]
849,D:/WindowsNoEditor/PythonAPI/examples/none/out00748689.jpg,[0 0 0 1]
89,"D:\WindowsNoEditor\PythonAPI\examples	t\out00084355.jpg",[1 0 0 0]
637,D:/WindowsNoEditor/PythonAPI/examples/green/out00760660.jpg,[0 0 1 0]
866,D:/WindowsNoEditor/PythonAPI/examples/none/out00764923.jpg,[0 0 0 1]
620,D:/WindowsNoEditor/PythonAPI/examples/green/out00760643.jpg,[0 0 1 0]
167,"D:\WindowsNoEditor\PythonAPI\examples	t\out00086749.jpg",[0 1 0 0]
670,D:/WindowsNoEditor/PythonAPI/examples/green/out00761090.jpg,[0 0 1 0]
290,"D:\WindowsNoEditor\PythonAPI\examples	t\out00092449.jpg",[1 0 0 0]
654,D:/WindowsNoEditor/PythonAPI/examples/green/out00761074.jpg,[0 0 1 0]
774,D:/WindowsNoEditor/PythonAPI/examples/none/out00745302.jpg,[0 0 0 1]
819,D:/WindowsNoEditor/PythonAPI/examples/none/out00746920.jpg,[0 0 0 1]
225,"D:\WindowsNoEditor\PythonAPI\examples	t\out00089318.jpg",[0 1 0 0]
599,D:/WindowsNoEditor/PythonAPI/examples/green/out00759259.jpg,[0 0 1 0]
88,"D:\WindowsNoEditor\PythonAPI\examples	t\out00084354.jpg",[1 0 0 0]
204,"D:\WindowsNoEditor\PythonAPI\examples	t\out00088203.jpg",[0 1 0 0]
209,"D:\WindowsNoEditor\PythonAPI\examples	t\out00088589.jpg",[1 0 0 0]
730,D:/WindowsNoEditor/PythonAPI/examples/green/out00762206.jpg,[0 0 1 0]
776,D:/WindowsNoEditor/PythonAPI/examples/none/out00745304.jpg,[0 0 0 1]
139,"D:\WindowsNoEditor\PythonAPI\examples	t\out00086721.jpg",[0 1 0 0]
170,"D:\WindowsNoEditor\PythonAPI\examples	t\out00086752.jpg",[1 0 0 0]
10,"D:\WindowsNoEditor\PythonAPI\examples	t\out00075983.jpg",[1 0 0 0]
967,D:/WindowsNoEditor/PythonAPI/examples/none/out00794075.jpg,[0 0 0 1]
261,"D:\WindowsNoEditor\PythonAPI\examples	t\out00090149.jpg",[0 1 0 0]
656,D:/WindowsNoEditor/PythonAPI/examples/green/out00761076.jpg,[0 0 1 0]
157,"D:\WindowsNoEditor\PythonAPI\examples	t\out00086739.jpg",[0 1 0 0]
44,"D:\WindowsNoEditor\PythonAPI\examples	t\out00080279.jpg",[1 0 0 0]
267,"D:\WindowsNoEditor\PythonAPI\examples	t\out00090155.jpg",[0 1 0 0]
784,D:/WindowsNoEditor/PythonAPI/examples/none/out00745752.jpg,[0 0 0 1]
194,"D:\WindowsNoEditor\PythonAPI\examples	t\out00088193.jpg",[0 1 0 0]
155,"D:\WindowsNoEditor\PythonAPI\examples	t\out00086737.jpg",[0 1 0 0]
239,"D:\WindowsNoEditor\PythonAPI\examples	t\out00089332.jpg",[0 1 0 0]
603,D:/WindowsNoEditor/PythonAPI/examples/green/out00759263.jpg,[0 0 1 0]
221,"D:\WindowsNoEditor\PythonAPI\examples	t\out00089314.jpg",[0 1 0 0]
253,"D:\WindowsNoEditor\PythonAPI\examples	t\out00090141.jpg",[0 1 0 0]
410,"D:\WindowsNoEditor\PythonAPI\examples	t\out00098479.jpg",[0 1 0 0]
190,"D:\WindowsNoEditor\PythonAPI\examples	t\out00088189.jpg",[0 1 0 0]
753,D:/WindowsNoEditor/PythonAPI/examples/green/out00873304.jpg,[0 0 1 0]
51,"D:\WindowsNoEditor\PythonAPI\examples	t\out00080707.jpg",[1 0 0 0]
801,D:/WindowsNoEditor/PythonAPI/examples/none/out00746737.jpg,[0 0 0 1]
491,"D:\WindowsNoEditor\PythonAPI\examples	t\out00104034.jpg",[1 0 0 0]
607,D:/WindowsNoEditor/PythonAPI/examples/green/out00759267.jpg,[0 0 1 0]
220,"D:\WindowsNoEditor\PythonAPI\examples	t\out00089313.jpg",[0 1 0 0]
966,D:/WindowsNoEditor/PythonAPI/examples/none/out00794074.jpg,[0 0 0 1]
254,"D:\WindowsNoEditor\PythonAPI\examples	t\out00090142.jpg",[0 1 0 0]
544,D:/WindowsNoEditor/PythonAPI/examples/green/out00755434.jpg,[0 0 1 0]
244,"D:\WindowsNoEditor\PythonAPI\examples	t\out00089715.jpg",[1 0 0 0]
310,"D:\WindowsNoEditor\PythonAPI\examples	t\out00095311.jpg",[1 0 0 0]
