"D:\WindowsNoEditor\PythonAPI\examples	t\out00074488.jpg",[1 0 0 0]
"D:\WindowsNoEditor\PythonAPI\examples	t\out00074489.jpg",[1 0 0 0]
"D:\WindowsNoEditor\PythonAPI\examples	t\out00074591.jpg",[1 0 0 0]
"D:\WindowsNoEditor\PythonAPI\examples	t\out00074592.jpg",[1 0 0 0]
"D:\WindowsNoEditor\PythonAPI\examples	t\out00074729.jpg",[1 0 0 0]
"D:\WindowsNoEditor\PythonAPI\examples	t\out00074730.jpg",[1 0 0 0]
"D:\WindowsNoEditor\PythonAPI\examples	t\out00075085.jpg",[1 0 0 0]
"D:\WindowsNoEditor\PythonAPI\examples	t\out00075086.jpg",[1 0 0 0]
"D:\WindowsNoEditor\PythonAPI\examples	t\out00075435.jpg",[1 0 0 0]
"D:\WindowsNoEditor\PythonAPI\examples	t\out00075436.jpg",[1 0 0 0]
"D:\WindowsNoEditor\PythonAPI\examples	t\out00075983.jpg",[1 0 0 0]
"D:\WindowsNoEditor\PythonAPI\examples	t\out00075984.jpg",[1 0 0 0]
"D:\WindowsNoEditor\PythonAPI\examples	t\out00076099.jpg",[1 0 0 0]
"D:\WindowsNoEditor\PythonAPI\examples	t\out00076100.jpg",[1 0 0 0]
"D:\WindowsNoEditor\PythonAPI\examples	t\out00076204.jpg",[1 0 0 0]
"D:\WindowsNoEditor\PythonAPI\examples	t\out00076205.jpg",[1 0 0 0]
"D:\WindowsNoEditor\PythonAPI\examples	t\out00076390.jpg",[1 0 0 0]
"D:\WindowsNoEditor\PythonAPI\examples	t\out00076391.jpg",[1 0 0 0]
"D:\WindowsNoEditor\PythonAPI\examples	t\out00076539.jpg",[1 0 0 0]
"D:\WindowsNoEditor\PythonAPI\examples	t\out00076540.jpg",[1 0 0 0]
"D:\WindowsNoEditor\PythonAPI\examples	t\out00076878.jpg",[1 0 0 0]
"D:\WindowsNoEditor\PythonAPI\examples	t\out00076879.jpg",[1 0 0 0]
"D:\WindowsNoEditor\PythonAPI\examples	t\out00077419.jpg",[1 0 0 0]
"D:\WindowsNoEditor\PythonAPI\examples	t\out00077420.jpg",[1 0 0 0]
"D:\WindowsNoEditor\PythonAPI\examples	t\out00077528.jpg",[1 0 0 0]
"D:\WindowsNoEditor\PythonAPI\examples	t\out00077529.jpg",[1 0 0 0]
"D:\WindowsNoEditor\PythonAPI\examples	t\out00077886.jpg",[1 0 0 0]
"D:\WindowsNoEditor\PythonAPI\examples	t\out00077887.jpg",[1 0 0 0]
"D:\WindowsNoEditor\PythonAPI\examples	t\out00078227.jpg",[1 0 0 0]
"D:\WindowsNoEditor\PythonAPI\examples	t\out00078228.jpg",[1 0 0 0]
"D:\WindowsNoEditor\PythonAPI\examples	t\out00078764.jpg",[1 0 0 0]
"D:\WindowsNoEditor\PythonAPI\examples	t\out00078765.jpg",[1 0 0 0]
"D:\WindowsNoEditor\PythonAPI\examples	t\out00078873.jpg",[1 0 0 0]
"D:\WindowsNoEditor\PythonAPI\examples	t\out00078874.jpg",[1 0 0 0]
"D:\WindowsNoEditor\PythonAPI\examples	t\out00079237.jpg",[1 0 0 0]
"D:\WindowsNoEditor\PythonAPI\examples	t\out00079238.jpg",[1 0 0 0]
"D:\WindowsNoEditor\PythonAPI\examples	t\out00079585.jpg",[1 0 0 0]
"D:\WindowsNoEditor\PythonAPI\examples	t\out00079586.jpg",[1 0 0 0]
"D:\WindowsNoEditor\PythonAPI\examples	t\out00079675.jpg",[1 0 0 0]
"D:\WindowsNoEditor\PythonAPI\examples	t\out00079676.jpg",[1 0 0 0]
"D:\WindowsNoEditor\PythonAPI\examples	t\out00079769.jpg",[1 0 0 0]
"D:\WindowsNoEditor\PythonAPI\examples	t\out00079770.jpg",[1 0 0 0]
"D:\WindowsNoEditor\PythonAPI\examples	t\out00079916.jpg",[1 0 0 0]
"D:\WindowsNoEditor\PythonAPI\examples	t\out00079917.jpg",[1 0 0 0]
"D:\WindowsNoEditor\PythonAPI\examples	t\out00080279.jpg",[1 0 0 0]
"D:\WindowsNoEditor\PythonAPI\examples	t\out00080280.jpg",[1 0 0 0]
"D:\WindowsNoEditor\PythonAPI\examples	t\out00080388.jpg",[1 0 0 0]
"D:\WindowsNoEditor\PythonAPI\examples	t\out00080389.jpg",[1 0 0 0]
"D:\WindowsNoEditor\PythonAPI\examples	t\out00080509.jpg",[1 0 0 0]
"D:\WindowsNoEditor\PythonAPI\examples	t\out00080510.jpg",[1 0 0 0]
"D:\WindowsNoEditor\PythonAPI\examples	t\out00080706.jpg",[1 0 0 0]
"D:\WindowsNoEditor\PythonAPI\examples	t\out00080707.jpg",[1 0 0 0]
"D:\WindowsNoEditor\PythonAPI\examples	t\out00080822.jpg",[1 0 0 0]
"D:\WindowsNoEditor\PythonAPI\examples	t\out00080823.jpg",[1 0 0 0]
"D:\WindowsNoEditor\PythonAPI\examples	t\out00080971.jpg",[1 0 0 0]
"D:\WindowsNoEditor\PythonAPI\examples	t\out00080972.jpg",[1 0 0 0]
"D:\WindowsNoEditor\PythonAPI\examples	t\out00081347.jpg",[1 0 0 0]
"D:\WindowsNoEditor\PythonAPI\examples	t\out00081348.jpg",[1 0 0 0]
"D:\WindowsNoEditor\PythonAPI\examples	t\out00081468.jpg",[1 0 0 0]
"D:\WindowsNoEditor\PythonAPI\examples	t\out00081469.jpg",[1 0 0 0]
"D:\WindowsNoEditor\PythonAPI\examples	t\out00081565.jpg",[1 0 0 0]
"D:\WindowsNoEditor\PythonAPI\examples	t\out00081566.jpg",[1 0 0 0]
"D:\WindowsNoEditor\PythonAPI\examples	t\out00081675.jpg",[1 0 0 0]
"D:\WindowsNoEditor\PythonAPI\examples	t\out00081676.jpg",[1 0 0 0]
"D:\WindowsNoEditor\PythonAPI\examples	t\out00082212.jpg",[1 0 0 0]
"D:\WindowsNoEditor\PythonAPI\examples	t\out00082213.jpg",[1 0 0 0]
"D:\WindowsNoEditor\PythonAPI\examples	t\out00082319.jpg",[1 0 0 0]
"D:\WindowsNoEditor\PythonAPI\examples	t\out00082320.jpg",[1 0 0 0]
"D:\WindowsNoEditor\PythonAPI\examples	t\out00082510.jpg",[1 0 0 0]
"D:\WindowsNoEditor\PythonAPI\examples	t\out00082511.jpg",[1 0 0 0]
"D:\WindowsNoEditor\PythonAPI\examples	t\out00082610.jpg",[1 0 0 0]
"D:\WindowsNoEditor\PythonAPI\examples	t\out00082611.jpg",[1 0 0 0]
"D:\WindowsNoEditor\PythonAPI\examples	t\out00082742.jpg",[0 1 0 0]
"D:\WindowsNoEditor\PythonAPI\examples	t\out00082743.jpg",[0 1 0 0]
"D:\WindowsNoEditor\PythonAPI\examples	t\out00082744.jpg",[0 1 0 0]
"D:\WindowsNoEditor\PythonAPI\examples	t\out00082745.jpg",[0 1 0 0]
"D:\WindowsNoEditor\PythonAPI\examples	t\out00082746.jpg",[1 0 0 0]
"D:\WindowsNoEditor\PythonAPI\examples	t\out00082747.jpg",[1 0 0 0]
"D:\WindowsNoEditor\PythonAPI\examples	t\out00083087.jpg",[1 0 0 0]
"D:\WindowsNoEditor\PythonAPI\examples	t\out00083088.jpg",[1 0 0 0]
"D:\WindowsNoEditor\PythonAPI\examples	t\out00083220.jpg",[1 0 0 0]
"D:\WindowsNoEditor\PythonAPI\examples	t\out00083221.jpg",[1 0 0 0]
"D:\WindowsNoEditor\PythonAPI\examples	t\out00083504.jpg",[1 0 0 0]
"D:\WindowsNoEditor\PythonAPI\examples	t\out00083505.jpg",[1 0 0 0]
"D:\WindowsNoEditor\PythonAPI\examples	t\out00083697.jpg",[1 0 0 0]
"D:\WindowsNoEditor\PythonAPI\examples	t\out00083698.jpg",[1 0 0 0]
"D:\WindowsNoEditor\PythonAPI\examples	t\out00083821.jpg",[1 0 0 0]
"D:\WindowsNoEditor\PythonAPI\examples	t\out00083822.jpg",[1 0 0 0]
"D:\WindowsNoEditor\PythonAPI\examples	t\out00084354.jpg",[1 0 0 0]
"D:\WindowsNoEditor\PythonAPI\examples	t\out00084355.jpg",[1 0 0 0]
"D:\WindowsNoEditor\PythonAPI\examples	t\out00084356.jpg",[1 0 0 0]
"D:\WindowsNoEditor\PythonAPI\examples	t\out00084464.jpg",[1 0 0 0]
"D:\WindowsNoEditor\PythonAPI\examples	t\out00084465.jpg",[1 0 0 0]
"D:\WindowsNoEditor\PythonAPI\examples	t\out00084662.jpg",[0 1 0 0]
"D:\WindowsNoEditor\PythonAPI\examples	t\out00084663.jpg",[0 1 0 0]
"D:\WindowsNoEditor\PythonAPI\examples	t\out00084664.jpg",[0 1 0 0]
"D:\WindowsNoEditor\PythonAPI\examples	t\out00084665.jpg",[0 1 0 0]
"D:\WindowsNoEditor\PythonAPI\examples	t\out00084666.jpg",[0 1 0 0]
"D:\WindowsNoEditor\PythonAPI\examples	t\out00084667.jpg",[1 0 0 0]
"D:\WindowsNoEditor\PythonAPI\examples	t\out00084668.jpg",[1 0 0 0]
"D:\WindowsNoEditor\PythonAPI\examples	t\out00084852.jpg",[1 0 0 0]
"D:\WindowsNoEditor\PythonAPI\examples	t\out00084853.jpg",[1 0 0 0]
"D:\WindowsNoEditor\PythonAPI\examples	t\out00084974.jpg",[1 0 0 0]
"D:\WindowsNoEditor\PythonAPI\examples	t\out00084975.jpg",[1 0 0 0]
"D:\WindowsNoEditor\PythonAPI\examples	t\out00085948.jpg",[0 1 0 0]
"D:\WindowsNoEditor\PythonAPI\examples	t\out00085949.jpg",[0 1 0 0]
"D:\WindowsNoEditor\PythonAPI\examples	t\out00085950.jpg",[0 1 0 0]
"D:\WindowsNoEditor\PythonAPI\examples	t\out00085951.jpg",[0 1 0 0]
"D:\WindowsNoEditor\PythonAPI\examples	t\out00085952.jpg",[0 1 0 0]
"D:\WindowsNoEditor\PythonAPI\examples	t\out00085953.jpg",[0 1 0 0]
"D:\WindowsNoEditor\PythonAPI\examples	t\out00085954.jpg",[0 1 0 0]
"D:\WindowsNoEditor\PythonAPI\examples	t\out00085955.jpg",[0 1 0 0]
"D:\WindowsNoEditor\PythonAPI\examples	t\out00085956.jpg",[0 1 0 0]
"D:\WindowsNoEditor\PythonAPI\examples	t\out00085957.jpg",[0 1 0 0]
"D:\WindowsNoEditor\PythonAPI\examples	t\out00085958.jpg",[0 1 0 0]
"D:\WindowsNoEditor\PythonAPI\examples	t\out00085959.jpg",[0 1 0 0]
"D:\WindowsNoEditor\PythonAPI\examples	t\out00085960.jpg",[0 1 0 0]
"D:\WindowsNoEditor\PythonAPI\examples	t\out00085961.jpg",[0 1 0 0]
"D:\WindowsNoEditor\PythonAPI\examples	t\out00085962.jpg",[0 1 0 0]
"D:\WindowsNoEditor\PythonAPI\examples	t\out00085963.jpg",[0 1 0 0]
"D:\WindowsNoEditor\PythonAPI\examples	t\out00085964.jpg",[0 1 0 0]
"D:\WindowsNoEditor\PythonAPI\examples	t\out00085965.jpg",[0 1 0 0]
"D:\WindowsNoEditor\PythonAPI\examples	t\out00085966.jpg",[1 0 0 0]
"D:\WindowsNoEditor\PythonAPI\examples	t\out00085967.jpg",[1 0 0 0]
"D:\WindowsNoEditor\PythonAPI\examples	t\out00086310.jpg",[1 0 0 0]
"D:\WindowsNoEditor\PythonAPI\examples	t\out00086311.jpg",[1 0 0 0]
"D:\WindowsNoEditor\PythonAPI\examples	t\out00086402.jpg",[0 1 0 0]
"D:\WindowsNoEditor\PythonAPI\examples	t\out00086403.jpg",[0 1 0 0]
"D:\WindowsNoEditor\PythonAPI\examples	t\out00086404.jpg",[0 1 0 0]
"D:\WindowsNoEditor\PythonAPI\examples	t\out00086405.jpg",[0 1 0 0]
"D:\WindowsNoEditor\PythonAPI\examples	t\out00086406.jpg",[0 1 0 0]
"D:\WindowsNoEditor\PythonAPI\examples	t\out00086407.jpg",[0 1 0 0]
"D:\WindowsNoEditor\PythonAPI\examples	t\out00086408.jpg",[0 1 0 0]
"D:\WindowsNoEditor\PythonAPI\examples	t\out00086409.jpg",[0 1 0 0]
"D:\WindowsNoEditor\PythonAPI\examples	t\out00086410.jpg",[0 1 0 0]
"D:\WindowsNoEditor\PythonAPI\examples	t\out00086411.jpg",[1 0 0 0]
"D:\WindowsNoEditor\PythonAPI\examples	t\out00086412.jpg",[1 0 0 0]
"D:\WindowsNoEditor\PythonAPI\examples	t\out00086600.jpg",[1 0 0 0]
"D:\WindowsNoEditor\PythonAPI\examples	t\out00086601.jpg",[1 0 0 0]
"D:\WindowsNoEditor\PythonAPI\examples	t\out00086721.jpg",[0 1 0 0]
"D:\WindowsNoEditor\PythonAPI\examples	t\out00086722.jpg",[0 1 0 0]
"D:\WindowsNoEditor\PythonAPI\examples	t\out00086723.jpg",[0 1 0 0]
"D:\WindowsNoEditor\PythonAPI\examples	t\out00086724.jpg",[0 1 0 0]
"D:\WindowsNoEditor\PythonAPI\examples	t\out00086725.jpg",[0 1 0 0]
"D:\WindowsNoEditor\PythonAPI\examples	t\out00086726.jpg",[0 1 0 0]
"D:\WindowsNoEditor\PythonAPI\examples	t\out00086727.jpg",[0 1 0 0]
"D:\WindowsNoEditor\PythonAPI\examples	t\out00086728.jpg",[0 1 0 0]
"D:\WindowsNoEditor\PythonAPI\examples	t\out00086729.jpg",[0 1 0 0]
"D:\WindowsNoEditor\PythonAPI\examples	t\out00086730.jpg",[0 1 0 0]
"D:\WindowsNoEditor\PythonAPI\examples	t\out00086731.jpg",[0 1 0 0]
"D:\WindowsNoEditor\PythonAPI\examples	t\out00086732.jpg",[0 1 0 0]
"D:\WindowsNoEditor\PythonAPI\examples	t\out00086733.jpg",[0 1 0 0]
"D:\WindowsNoEditor\PythonAPI\examples	t\out00086734.jpg",[0 1 0 0]
"D:\WindowsNoEditor\PythonAPI\examples	t\out00086735.jpg",[0 1 0 0]
"D:\WindowsNoEditor\PythonAPI\examples	t\out00086736.jpg",[0 1 0 0]
"D:\WindowsNoEditor\PythonAPI\examples	t\out00086737.jpg",[0 1 0 0]
"D:\WindowsNoEditor\PythonAPI\examples	t\out00086738.jpg",[0 1 0 0]
"D:\WindowsNoEditor\PythonAPI\examples	t\out00086739.jpg",[0 1 0 0]
"D:\WindowsNoEditor\PythonAPI\examples	t\out00086740.jpg",[0 1 0 0]
"D:\WindowsNoEditor\PythonAPI\examples	t\out00086741.jpg",[0 1 0 0]
"D:\WindowsNoEditor\PythonAPI\examples	t\out00086742.jpg",[0 1 0 0]
"D:\WindowsNoEditor\PythonAPI\examples	t\out00086743.jpg",[0 1 0 0]
"D:\WindowsNoEditor\PythonAPI\examples	t\out00086744.jpg",[0 1 0 0]
"D:\WindowsNoEditor\PythonAPI\examples	t\out00086745.jpg",[0 1 0 0]
"D:\WindowsNoEditor\PythonAPI\examples	t\out00086746.jpg",[0 1 0 0]
"D:\WindowsNoEditor\PythonAPI\examples	t\out00086747.jpg",[0 1 0 0]
"D:\WindowsNoEditor\PythonAPI\examples	t\out00086748.jpg",[0 1 0 0]
"D:\WindowsNoEditor\PythonAPI\examples	t\out00086749.jpg",[0 1 0 0]
"D:\WindowsNoEditor\PythonAPI\examples	t\out00086750.jpg",[0 1 0 0]
"D:\WindowsNoEditor\PythonAPI\examples	t\out00086751.jpg",[0 1 0 0]
"D:\WindowsNoEditor\PythonAPI\examples	t\out00086752.jpg",[1 0 0 0]
"D:\WindowsNoEditor\PythonAPI\examples	t\out00086753.jpg",[1 0 0 0]
"D:\WindowsNoEditor\PythonAPI\examples	t\out00086848.jpg",[1 0 0 0]
"D:\WindowsNoEditor\PythonAPI\examples	t\out00086849.jpg",[1 0 0 0]
"D:\WindowsNoEditor\PythonAPI\examples	t\out00086964.jpg",[1 0 0 0]
"D:\WindowsNoEditor\PythonAPI\examples	t\out00086965.jpg",[1 0 0 0]
"D:\WindowsNoEditor\PythonAPI\examples	t\out00087157.jpg",[1 0 0 0]
"D:\WindowsNoEditor\PythonAPI\examples	t\out00087158.jpg",[1 0 0 0]
"D:\WindowsNoEditor\PythonAPI\examples	t\out00087300.jpg",[1 0 0 0]
"D:\WindowsNoEditor\PythonAPI\examples	t\out00087301.jpg",[1 0 0 0]
"D:\WindowsNoEditor\PythonAPI\examples	t\out00087302.jpg",[1 0 0 0]
"D:\WindowsNoEditor\PythonAPI\examples	t\out00087663.jpg",[1 0 0 0]
"D:\WindowsNoEditor\PythonAPI\examples	t\out00087664.jpg",[1 0 0 0]
"D:\WindowsNoEditor\PythonAPI\examples	t\out00087781.jpg",[1 0 0 0]
"D:\WindowsNoEditor\PythonAPI\examples	t\out00087782.jpg",[1 0 0 0]
"D:\WindowsNoEditor\PythonAPI\examples	t\out00087986.jpg",[1 0 0 0]
"D:\WindowsNoEditor\PythonAPI\examples	t\out00087987.jpg",[1 0 0 0]
"D:\WindowsNoEditor\PythonAPI\examples	t\out00088081.jpg",[1 0 0 0]
"D:\WindowsNoEditor\PythonAPI\examples	t\out00088082.jpg",[1 0 0 0]
"D:\WindowsNoEditor\PythonAPI\examples	t\out00088188.jpg",[0 1 0 0]
"D:\WindowsNoEditor\PythonAPI\examples	t\out00088189.jpg",[0 1 0 0]
"D:\WindowsNoEditor\PythonAPI\examples	t\out00088190.jpg",[0 1 0 0]
"D:\WindowsNoEditor\PythonAPI\examples	t\out00088191.jpg",[0 1 0 0]
"D:\WindowsNoEditor\PythonAPI\examples	t\out00088192.jpg",[0 1 0 0]
"D:\WindowsNoEditor\PythonAPI\examples	t\out00088193.jpg",[0 1 0 0]
"D:\WindowsNoEditor\PythonAPI\examples	t\out00088194.jpg",[0 1 0 0]
"D:\WindowsNoEditor\PythonAPI\examples	t\out00088195.jpg",[0 1 0 0]
"D:\WindowsNoEditor\PythonAPI\examples	t\out00088196.jpg",[0 1 0 0]
"D:\WindowsNoEditor\PythonAPI\examples	t\out00088197.jpg",[0 1 0 0]
"D:\WindowsNoEditor\PythonAPI\examples	t\out00088198.jpg",[0 1 0 0]
"D:\WindowsNoEditor\PythonAPI\examples	t\out00088199.jpg",[0 1 0 0]
"D:\WindowsNoEditor\PythonAPI\examples	t\out00088200.jpg",[0 1 0 0]
"D:\WindowsNoEditor\PythonAPI\examples	t\out00088201.jpg",[0 1 0 0]
"D:\WindowsNoEditor\PythonAPI\examples	t\out00088202.jpg",[0 1 0 0]
"D:\WindowsNoEditor\PythonAPI\examples	t\out00088203.jpg",[0 1 0 0]
"D:\WindowsNoEditor\PythonAPI\examples	t\out00088204.jpg",[0 1 0 0]
"D:\WindowsNoEditor\PythonAPI\examples	t\out00088205.jpg",[0 1 0 0]
"D:\WindowsNoEditor\PythonAPI\examples	t\out00088206.jpg",[1 0 0 0]
"D:\WindowsNoEditor\PythonAPI\examples	t\out00088207.jpg",[1 0 0 0]
"D:\WindowsNoEditor\PythonAPI\examples	t\out00088589.jpg",[1 0 0 0]
"D:\WindowsNoEditor\PythonAPI\examples	t\out00088590.jpg",[1 0 0 0]
"D:\WindowsNoEditor\PythonAPI\examples	t\out00088728.jpg",[1 0 0 0]
"D:\WindowsNoEditor\PythonAPI\examples	t\out00088729.jpg",[1 0 0 0]
"D:\WindowsNoEditor\PythonAPI\examples	t\out00088903.jpg",[1 0 0 0]
"D:\WindowsNoEditor\PythonAPI\examples	t\out00088904.jpg",[1 0 0 0]
"D:\WindowsNoEditor\PythonAPI\examples	t\out00089012.jpg",[1 0 0 0]
"D:\WindowsNoEditor\PythonAPI\examples	t\out00089013.jpg",[1 0 0 0]
"D:\WindowsNoEditor\PythonAPI\examples	t\out00089193.jpg",[1 0 0 0]
"D:\WindowsNoEditor\PythonAPI\examples	t\out00089194.jpg",[1 0 0 0]
"D:\WindowsNoEditor\PythonAPI\examples	t\out00089312.jpg",[0 1 0 0]
"D:\WindowsNoEditor\PythonAPI\examples	t\out00089313.jpg",[0 1 0 0]
"D:\WindowsNoEditor\PythonAPI\examples	t\out00089314.jpg",[0 1 0 0]
"D:\WindowsNoEditor\PythonAPI\examples	t\out00089315.jpg",[0 1 0 0]
"D:\WindowsNoEditor\PythonAPI\examples	t\out00089316.jpg",[0 1 0 0]
"D:\WindowsNoEditor\PythonAPI\examples	t\out00089317.jpg",[0 1 0 0]
"D:\WindowsNoEditor\PythonAPI\examples	t\out00089318.jpg",[0 1 0 0]
"D:\WindowsNoEditor\PythonAPI\examples	t\out00089319.jpg",[0 1 0 0]
"D:\WindowsNoEditor\PythonAPI\examples	t\out00089320.jpg",[0 1 0 0]
"D:\WindowsNoEditor\PythonAPI\examples	t\out00089321.jpg",[0 1 0 0]
"D:\WindowsNoEditor\PythonAPI\examples	t\out00089322.jpg",[0 1 0 0]
"D:\WindowsNoEditor\PythonAPI\examples	t\out00089323.jpg",[0 1 0 0]
"D:\WindowsNoEditor\PythonAPI\examples	t\out00089324.jpg",[0 1 0 0]
"D:\WindowsNoEditor\PythonAPI\examples	t\out00089325.jpg",[0 1 0 0]
"D:\WindowsNoEditor\PythonAPI\examples	t\out00089326.jpg",[0 1 0 0]
"D:\WindowsNoEditor\PythonAPI\examples	t\out00089327.jpg",[0 1 0 0]
"D:\WindowsNoEditor\PythonAPI\examples	t\out00089328.jpg",[0 1 0 0]
"D:\WindowsNoEditor\PythonAPI\examples	t\out00089329.jpg",[0 1 0 0]
"D:\WindowsNoEditor\PythonAPI\examples	t\out00089330.jpg",[0 1 0 0]
"D:\WindowsNoEditor\PythonAPI\examples	t\out00089331.jpg",[0 1 0 0]
"D:\WindowsNoEditor\PythonAPI\examples	t\out00089332.jpg",[0 1 0 0]
"D:\WindowsNoEditor\PythonAPI\examples	t\out00089333.jpg",[0 1 0 0]
"D:\WindowsNoEditor\PythonAPI\examples	t\out00089334.jpg",[1 0 0 0]
"D:\WindowsNoEditor\PythonAPI\examples	t\out00089335.jpg",[1 0 0 0]
"D:\WindowsNoEditor\PythonAPI\examples	t\out00089714.jpg",[1 0 0 0]
"D:\WindowsNoEditor\PythonAPI\examples	t\out00089715.jpg",[1 0 0 0]
"D:\WindowsNoEditor\PythonAPI\examples	t\out00089855.jpg",[1 0 0 0]
"D:\WindowsNoEditor\PythonAPI\examples	t\out00089856.jpg",[1 0 0 0]
"D:\WindowsNoEditor\PythonAPI\examples	t\out00089961.jpg",[1 0 0 0]
"D:\WindowsNoEditor\PythonAPI\examples	t\out00089962.jpg",[1 0 0 0]
"D:\WindowsNoEditor\PythonAPI\examples	t\out00090137.jpg",[0 1 0 0]
"D:\WindowsNoEditor\PythonAPI\examples	t\out00090138.jpg",[0 1 0 0]
"D:\WindowsNoEditor\PythonAPI\examples	t\out00090139.jpg",[0 1 0 0]
"D:\WindowsNoEditor\PythonAPI\examples	t\out00090140.jpg",[0 1 0 0]
"D:\WindowsNoEditor\PythonAPI\examples	t\out00090141.jpg",[0 1 0 0]
"D:\WindowsNoEditor\PythonAPI\examples	t\out00090142.jpg",[0 1 0 0]
"D:\WindowsNoEditor\PythonAPI\examples	t\out00090143.jpg",[0 1 0 0]
"D:\WindowsNoEditor\PythonAPI\examples	t\out00090144.jpg",[0 1 0 0]
"D:\WindowsNoEditor\PythonAPI\examples	t\out00090145.jpg",[0 1 0 0]
"D:\WindowsNoEditor\PythonAPI\examples	t\out00090146.jpg",[0 1 0 0]
"D:\WindowsNoEditor\PythonAPI\examples	t\out00090147.jpg",[0 1 0 0]
"D:\WindowsNoEditor\PythonAPI\examples	t\out00090148.jpg",[0 1 0 0]
"D:\WindowsNoEditor\PythonAPI\examples	t\out00090149.jpg",[0 1 0 0]
"D:\WindowsNoEditor\PythonAPI\examples	t\out00090150.jpg",[0 1 0 0]
"D:\WindowsNoEditor\PythonAPI\examples	t\out00090151.jpg",[0 1 0 0]
"D:\WindowsNoEditor\PythonAPI\examples	t\out00090152.jpg",[0 1 0 0]
"D:\WindowsNoEditor\PythonAPI\examples	t\out00090153.jpg",[0 1 0 0]
"D:\WindowsNoEditor\PythonAPI\examples	t\out00090154.jpg",[0 1 0 0]
"D:\WindowsNoEditor\PythonAPI\examples	t\out00090155.jpg",[0 1 0 0]
"D:\WindowsNoEditor\PythonAPI\examples	t\out00090156.jpg",[0 1 0 0]
"D:\WindowsNoEditor\PythonAPI\examples	t\out00090157.jpg",[0 1 0 0]
"D:\WindowsNoEditor\PythonAPI\examples	t\out00090158.jpg",[0 1 0 0]
"D:\WindowsNoEditor\PythonAPI\examples	t\out00090159.jpg",[0 1 0 0]
"D:\WindowsNoEditor\PythonAPI\examples	t\out00090160.jpg",[0 1 0 0]
"D:\WindowsNoEditor\PythonAPI\examples	t\out00090161.jpg",[1 0 0 0]
"D:\WindowsNoEditor\PythonAPI\examples	t\out00090162.jpg",[1 0 0 0]
"D:\WindowsNoEditor\PythonAPI\examples	t\out00090289.jpg",[1 0 0 0]
"D:\WindowsNoEditor\PythonAPI\examples	t\out00090290.jpg",[1 0 0 0]
"D:\WindowsNoEditor\PythonAPI\examples	t\out00090828.jpg",[1 0 0 0]
"D:\WindowsNoEditor\PythonAPI\examples	t\out00090829.jpg",[1 0 0 0]
"D:\WindowsNoEditor\PythonAPI\examples	t\out00091199.jpg",[1 0 0 0]
"D:\WindowsNoEditor\PythonAPI\examples	t\out00091200.jpg",[1 0 0 0]
"D:\WindowsNoEditor\PythonAPI\examples	t\out00091555.jpg",[1 0 0 0]
"D:\WindowsNoEditor\PythonAPI\examples	t\out00091556.jpg",[1 0 0 0]
"D:\WindowsNoEditor\PythonAPI\examples	t\out00091677.jpg",[1 0 0 0]
"D:\WindowsNoEditor\PythonAPI\examples	t\out00091678.jpg",[1 0 0 0]
"D:\WindowsNoEditor\PythonAPI\examples	t\out00091880.jpg",[1 0 0 0]
"D:\WindowsNoEditor\PythonAPI\examples	t\out00091881.jpg",[1 0 0 0]
"D:\WindowsNoEditor\PythonAPI\examples	t\out00091974.jpg",[1 0 0 0]
"D:\WindowsNoEditor\PythonAPI\examples	t\out00091975.jpg",[1 0 0 0]
"D:\WindowsNoEditor\PythonAPI\examples	t\out00092448.jpg",[1 0 0 0]
"D:\WindowsNoEditor\PythonAPI\examples	t\out00092449.jpg",[1 0 0 0]
"D:\WindowsNoEditor\PythonAPI\examples	t\out00092801.jpg",[1 0 0 0]
"D:\WindowsNoEditor\PythonAPI\examples	t\out00092802.jpg",[1 0 0 0]
"D:\WindowsNoEditor\PythonAPI\examples	t\out00092908.jpg",[1 0 0 0]
"D:\WindowsNoEditor\PythonAPI\examples	t\out00092909.jpg",[1 0 0 0]
"D:\WindowsNoEditor\PythonAPI\examples	t\out00093437.jpg",[1 0 0 0]
"D:\WindowsNoEditor\PythonAPI\examples	t\out00093438.jpg",[1 0 0 0]
"D:\WindowsNoEditor\PythonAPI\examples	t\out00093809.jpg",[1 0 0 0]
"D:\WindowsNoEditor\PythonAPI\examples	t\out00093810.jpg",[1 0 0 0]
"D:\WindowsNoEditor\PythonAPI\examples	t\out00093948.jpg",[1 0 0 0]
"D:\WindowsNoEditor\PythonAPI\examples	t\out00093949.jpg",[1 0 0 0]
"D:\WindowsNoEditor\PythonAPI\examples	t\out00094121.jpg",[1 0 0 0]
"D:\WindowsNoEditor\PythonAPI\examples	t\out00094122.jpg",[1 0 0 0]
"D:\WindowsNoEditor\PythonAPI\examples	t\out00094248.jpg",[1 0 0 0]
"D:\WindowsNoEditor\PythonAPI\examples	t\out00094249.jpg",[1 0 0 0]
"D:\WindowsNoEditor\PythonAPI\examples	t\out00094938.jpg",[1 0 0 0]
"D:\WindowsNoEditor\PythonAPI\examples	t\out00094939.jpg",[1 0 0 0]
"D:\WindowsNoEditor\PythonAPI\examples	t\out00095118.jpg",[1 0 0 0]
"D:\WindowsNoEditor\PythonAPI\examples	t\out00095119.jpg",[1 0 0 0]
"D:\WindowsNoEditor\PythonAPI\examples	t\out00095310.jpg",[1 0 0 0]
"D:\WindowsNoEditor\PythonAPI\examples	t\out00095311.jpg",[1 0 0 0]
"D:\WindowsNoEditor\PythonAPI\examples	t\out00095440.jpg",[1 0 0 0]
"D:\WindowsNoEditor\PythonAPI\examples	t\out00095441.jpg",[1 0 0 0]
"D:\WindowsNoEditor\PythonAPI\examples	t\out00095552.jpg",[1 0 0 0]
"D:\WindowsNoEditor\PythonAPI\examples	t\out00095553.jpg",[1 0 0 0]
"D:\WindowsNoEditor\PythonAPI\examples	t\out00096089.jpg",[1 0 0 0]
"D:\WindowsNoEditor\PythonAPI\examples	t\out00096090.jpg",[1 0 0 0]
"D:\WindowsNoEditor\PythonAPI\examples	t\out00096459.jpg",[0 1 0 0]
"D:\WindowsNoEditor\PythonAPI\examples	t\out00096460.jpg",[0 1 0 0]
"D:\WindowsNoEditor\PythonAPI\examples	t\out00096461.jpg",[0 1 0 0]
"D:\WindowsNoEditor\PythonAPI\examples	t\out00096462.jpg",[0 1 0 0]
"D:\WindowsNoEditor\PythonAPI\examples	t\out00096463.jpg",[0 1 0 0]
"D:\WindowsNoEditor\PythonAPI\examples	t\out00096464.jpg",[0 1 0 0]
"D:\WindowsNoEditor\PythonAPI\examples	t\out00096465.jpg",[0 1 0 0]
"D:\WindowsNoEditor\PythonAPI\examples	t\out00096466.jpg",[0 1 0 0]
"D:\WindowsNoEditor\PythonAPI\examples	t\out00096467.jpg",[0 1 0 0]
"D:\WindowsNoEditor\PythonAPI\examples	t\out00096468.jpg",[0 1 0 0]
"D:\WindowsNoEditor\PythonAPI\examples	t\out00096469.jpg",[0 1 0 0]
"D:\WindowsNoEditor\PythonAPI\examples	t\out00096470.jpg",[0 1 0 0]
"D:\WindowsNoEditor\PythonAPI\examples	t\out00096471.jpg",[0 1 0 0]
"D:\WindowsNoEditor\PythonAPI\examples	t\out00096472.jpg",[0 1 0 0]
"D:\WindowsNoEditor\PythonAPI\examples	t\out00096473.jpg",[0 1 0 0]
"D:\WindowsNoEditor\PythonAPI\examples	t\out00096474.jpg",[0 1 0 0]
"D:\WindowsNoEditor\PythonAPI\examples	t\out00096475.jpg",[0 1 0 0]
"D:\WindowsNoEditor\PythonAPI\examples	t\out00096476.jpg",[0 1 0 0]
"D:\WindowsNoEditor\PythonAPI\examples	t\out00096477.jpg",[0 1 0 0]
"D:\WindowsNoEditor\PythonAPI\examples	t\out00096478.jpg",[0 1 0 0]
"D:\WindowsNoEditor\PythonAPI\examples	t\out00096479.jpg",[0 1 0 0]
"D:\WindowsNoEditor\PythonAPI\examples	t\out00096480.jpg",[0 1 0 0]
"D:\WindowsNoEditor\PythonAPI\examples	t\out00096481.jpg",[0 1 0 0]
"D:\WindowsNoEditor\PythonAPI\examples	t\out00096482.jpg",[0 1 0 0]
"D:\WindowsNoEditor\PythonAPI\examples	t\out00096483.jpg",[0 1 0 0]
"D:\WindowsNoEditor\PythonAPI\examples	t\out00096484.jpg",[1 0 0 0]
"D:\WindowsNoEditor\PythonAPI\examples	t\out00096485.jpg",[1 0 0 0]
"D:\WindowsNoEditor\PythonAPI\examples	t\out00096623.jpg",[0 1 0 0]
"D:\WindowsNoEditor\PythonAPI\examples	t\out00096624.jpg",[0 1 0 0]
"D:\WindowsNoEditor\PythonAPI\examples	t\out00096625.jpg",[0 1 0 0]
"D:\WindowsNoEditor\PythonAPI\examples	t\out00096626.jpg",[0 1 0 0]
"D:\WindowsNoEditor\PythonAPI\examples	t\out00096627.jpg",[0 1 0 0]
"D:\WindowsNoEditor\PythonAPI\examples	t\out00096628.jpg",[0 1 0 0]
"D:\WindowsNoEditor\PythonAPI\examples	t\out00096629.jpg",[0 1 0 0]
"D:\WindowsNoEditor\PythonAPI\examples	t\out00096630.jpg",[0 1 0 0]
"D:\WindowsNoEditor\PythonAPI\examples	t\out00096631.jpg",[0 1 0 0]
"D:\WindowsNoEditor\PythonAPI\examples	t\out00096632.jpg",[0 1 0 0]
"D:\WindowsNoEditor\PythonAPI\examples	t\out00096633.jpg",[0 1 0 0]
"D:\WindowsNoEditor\PythonAPI\examples	t\out00096634.jpg",[0 1 0 0]
"D:\WindowsNoEditor\PythonAPI\examples	t\out00096635.jpg",[0 1 0 0]
"D:\WindowsNoEditor\PythonAPI\examples	t\out00096636.jpg",[0 1 0 0]
"D:\WindowsNoEditor\PythonAPI\examples	t\out00096637.jpg",[0 1 0 0]
"D:\WindowsNoEditor\PythonAPI\examples	t\out00096638.jpg",[0 1 0 0]
"D:\WindowsNoEditor\PythonAPI\examples	t\out00096639.jpg",[0 1 0 0]
"D:\WindowsNoEditor\PythonAPI\examples	t\out00096640.jpg",[0 1 0 0]
"D:\WindowsNoEditor\PythonAPI\examples	t\out00096641.jpg",[0 1 0 0]
"D:\WindowsNoEditor\PythonAPI\examples	t\out00096642.jpg",[0 1 0 0]
"D:\WindowsNoEditor\PythonAPI\examples	t\out00096643.jpg",[0 1 0 0]
"D:\WindowsNoEditor\PythonAPI\examples	t\out00096644.jpg",[0 1 0 0]
"D:\WindowsNoEditor\PythonAPI\examples	t\out00096645.jpg",[0 1 0 0]
"D:\WindowsNoEditor\PythonAPI\examples	t\out00096646.jpg",[0 1 0 0]
"D:\WindowsNoEditor\PythonAPI\examples	t\out00096647.jpg",[0 1 0 0]
"D:\WindowsNoEditor\PythonAPI\examples	t\out00096648.jpg",[0 1 0 0]
"D:\WindowsNoEditor\PythonAPI\examples	t\out00096649.jpg",[1 0 0 0]
"D:\WindowsNoEditor\PythonAPI\examples	t\out00096650.jpg",[1 0 0 0]
"D:\WindowsNoEditor\PythonAPI\examples	t\out00096826.jpg",[1 0 0 0]
"D:\WindowsNoEditor\PythonAPI\examples	t\out00096827.jpg",[1 0 0 0]
"D:\WindowsNoEditor\PythonAPI\examples	t\out00096951.jpg",[1 0 0 0]
"D:\WindowsNoEditor\PythonAPI\examples	t\out00096952.jpg",[1 0 0 0]
"D:\WindowsNoEditor\PythonAPI\examples	t\out00097055.jpg",[1 0 0 0]
"D:\WindowsNoEditor\PythonAPI\examples	t\out00097056.jpg",[1 0 0 0]
"D:\WindowsNoEditor\PythonAPI\examples	t\out00097586.jpg",[1 0 0 0]
"D:\WindowsNoEditor\PythonAPI\examples	t\out00097587.jpg",[1 0 0 0]
"D:\WindowsNoEditor\PythonAPI\examples	t\out00097688.jpg",[1 0 0 0]
"D:\WindowsNoEditor\PythonAPI\examples	t\out00097689.jpg",[1 0 0 0]
"D:\WindowsNoEditor\PythonAPI\examples	t\out00097879.jpg",[0 1 0 0]
"D:\WindowsNoEditor\PythonAPI\examples	t\out00097880.jpg",[0 1 0 0]
"D:\WindowsNoEditor\PythonAPI\examples	t\out00097881.jpg",[0 1 0 0]
"D:\WindowsNoEditor\PythonAPI\examples	t\out00097882.jpg",[0 1 0 0]
"D:\WindowsNoEditor\PythonAPI\examples	t\out00097883.jpg",[0 1 0 0]
"D:\WindowsNoEditor\PythonAPI\examples	t\out00097884.jpg",[0 1 0 0]
"D:\WindowsNoEditor\PythonAPI\examples	t\out00097885.jpg",[1 0 0 0]
"D:\WindowsNoEditor\PythonAPI\examples	t\out00097886.jpg",[1 0 0 0]
"D:\WindowsNoEditor\PythonAPI\examples	t\out00098015.jpg",[1 0 0 0]
"D:\WindowsNoEditor\PythonAPI\examples	t\out00098016.jpg",[1 0 0 0]
"D:\WindowsNoEditor\PythonAPI\examples	t\out00098461.jpg",[0 1 0 0]
"D:\WindowsNoEditor\PythonAPI\examples	t\out00098462.jpg",[0 1 0 0]
"D:\WindowsNoEditor\PythonAPI\examples	t\out00098463.jpg",[0 1 0 0]
"D:\WindowsNoEditor\PythonAPI\examples	t\out00098464.jpg",[0 1 0 0]
"D:\WindowsNoEditor\PythonAPI\examples	t\out00098465.jpg",[0 1 0 0]
"D:\WindowsNoEditor\PythonAPI\examples	t\out00098466.jpg",[0 1 0 0]
"D:\WindowsNoEditor\PythonAPI\examples	t\out00098467.jpg",[0 1 0 0]
"D:\WindowsNoEditor\PythonAPI\examples	t\out00098468.jpg",[0 1 0 0]
"D:\WindowsNoEditor\PythonAPI\examples	t\out00098469.jpg",[0 1 0 0]
"D:\WindowsNoEditor\PythonAPI\examples	t\out00098470.jpg",[0 1 0 0]
"D:\WindowsNoEditor\PythonAPI\examples	t\out00098471.jpg",[0 1 0 0]
"D:\WindowsNoEditor\PythonAPI\examples	t\out00098472.jpg",[0 1 0 0]
"D:\WindowsNoEditor\PythonAPI\examples	t\out00098473.jpg",[0 1 0 0]
"D:\WindowsNoEditor\PythonAPI\examples	t\out00098474.jpg",[0 1 0 0]
"D:\WindowsNoEditor\PythonAPI\examples	t\out00098475.jpg",[0 1 0 0]
"D:\WindowsNoEditor\PythonAPI\examples	t\out00098476.jpg",[0 1 0 0]
"D:\WindowsNoEditor\PythonAPI\examples	t\out00098477.jpg",[0 1 0 0]
"D:\WindowsNoEditor\PythonAPI\examples	t\out00098478.jpg",[0 1 0 0]
"D:\WindowsNoEditor\PythonAPI\examples	t\out00098479.jpg",[0 1 0 0]
"D:\WindowsNoEditor\PythonAPI\examples	t\out00098480.jpg",[0 1 0 0]
"D:\WindowsNoEditor\PythonAPI\examples	t\out00098481.jpg",[0 1 0 0]
"D:\WindowsNoEditor\PythonAPI\examples	t\out00098482.jpg",[0 1 0 0]
"D:\WindowsNoEditor\PythonAPI\examples	t\out00098483.jpg",[0 1 0 0]
"D:\WindowsNoEditor\PythonAPI\examples	t\out00098484.jpg",[0 1 0 0]
"D:\WindowsNoEditor\PythonAPI\examples	t\out00098485.jpg",[1 0 0 0]
"D:\WindowsNoEditor\PythonAPI\examples	t\out00098486.jpg",[1 0 0 0]
"D:\WindowsNoEditor\PythonAPI\examples	t\out00098842.jpg",[1 0 0 0]
"D:\WindowsNoEditor\PythonAPI\examples	t\out00098843.jpg",[1 0 0 0]
"D:\WindowsNoEditor\PythonAPI\examples	t\out00098937.jpg",[1 0 0 0]
"D:\WindowsNoEditor\PythonAPI\examples	t\out00098938.jpg",[1 0 0 0]
"D:\WindowsNoEditor\PythonAPI\examples	t\out00099126.jpg",[1 0 0 0]
"D:\WindowsNoEditor\PythonAPI\examples	t\out00099127.jpg",[1 0 0 0]
"D:\WindowsNoEditor\PythonAPI\examples	t\out00099224.jpg",[1 0 0 0]
"D:\WindowsNoEditor\PythonAPI\examples	t\out00099225.jpg",[1 0 0 0]
"D:\WindowsNoEditor\PythonAPI\examples	t\out00099683.jpg",[1 0 0 0]
"D:\WindowsNoEditor\PythonAPI\examples	t\out00099684.jpg",[1 0 0 0]
"D:\WindowsNoEditor\PythonAPI\examples	t\out00099807.jpg",[1 0 0 0]
"D:\WindowsNoEditor\PythonAPI\examples	t\out00099808.jpg",[1 0 0 0]
"D:\WindowsNoEditor\PythonAPI\examples	t\out00099906.jpg",[1 0 0 0]
"D:\WindowsNoEditor\PythonAPI\examples	t\out00099907.jpg",[1 0 0 0]
"D:\WindowsNoEditor\PythonAPI\examples	t\out00100022.jpg",[1 0 0 0]
"D:\WindowsNoEditor\PythonAPI\examples	t\out00100023.jpg",[1 0 0 0]
"D:\WindowsNoEditor\PythonAPI\examples	t\out00100402.jpg",[1 0 0 0]
"D:\WindowsNoEditor\PythonAPI\examples	t\out00100403.jpg",[1 0 0 0]
"D:\WindowsNoEditor\PythonAPI\examples	t\out00100756.jpg",[1 0 0 0]
"D:\WindowsNoEditor\PythonAPI\examples	t\out00100757.jpg",[1 0 0 0]
"D:\WindowsNoEditor\PythonAPI\examples	t\out00100758.jpg",[1 0 0 0]
"D:\WindowsNoEditor\PythonAPI\examples	t\out00100873.jpg",[1 0 0 0]
"D:\WindowsNoEditor\PythonAPI\examples	t\out00100874.jpg",[1 0 0 0]
"D:\WindowsNoEditor\PythonAPI\examples	t\out00101079.jpg",[1 0 0 0]
"D:\WindowsNoEditor\PythonAPI\examples	t\out00101080.jpg",[1 0 0 0]
"D:\WindowsNoEditor\PythonAPI\examples	t\out00101227.jpg",[1 0 0 0]
"D:\WindowsNoEditor\PythonAPI\examples	t\out00101228.jpg",[1 0 0 0]
"D:\WindowsNoEditor\PythonAPI\examples	t\out00101562.jpg",[1 0 0 0]
"D:\WindowsNoEditor\PythonAPI\examples	t\out00101563.jpg",[1 0 0 0]
"D:\WindowsNoEditor\PythonAPI\examples	t\out00102101.jpg",[1 0 0 0]
"D:\WindowsNoEditor\PythonAPI\examples	t\out00102102.jpg",[1 0 0 0]
"D:\WindowsNoEditor\PythonAPI\examples	t\out00102313.jpg",[1 0 0 0]
"D:\WindowsNoEditor\PythonAPI\examples	t\out00102314.jpg",[1 0 0 0]
"D:\WindowsNoEditor\PythonAPI\examples	t\out00102447.jpg",[0 1 0 0]
"D:\WindowsNoEditor\PythonAPI\examples	t\out00102448.jpg",[0 1 0 0]
"D:\WindowsNoEditor\PythonAPI\examples	t\out00102449.jpg",[0 1 0 0]
"D:\WindowsNoEditor\PythonAPI\examples	t\out00102450.jpg",[0 1 0 0]
"D:\WindowsNoEditor\PythonAPI\examples	t\out00102451.jpg",[0 1 0 0]
"D:\WindowsNoEditor\PythonAPI\examples	t\out00102452.jpg",[0 1 0 0]
"D:\WindowsNoEditor\PythonAPI\examples	t\out00102453.jpg",[0 1 0 0]
"D:\WindowsNoEditor\PythonAPI\examples	t\out00102454.jpg",[0 1 0 0]
"D:\WindowsNoEditor\PythonAPI\examples	t\out00102455.jpg",[0 1 0 0]
"D:\WindowsNoEditor\PythonAPI\examples	t\out00102456.jpg",[0 1 0 0]
"D:\WindowsNoEditor\PythonAPI\examples	t\out00102457.jpg",[0 1 0 0]
"D:\WindowsNoEditor\PythonAPI\examples	t\out00102458.jpg",[0 1 0 0]
"D:\WindowsNoEditor\PythonAPI\examples	t\out00102459.jpg",[0 1 0 0]
"D:\WindowsNoEditor\PythonAPI\examples	t\out00102460.jpg",[0 1 0 0]
"D:\WindowsNoEditor\PythonAPI\examples	t\out00102461.jpg",[0 1 0 0]
"D:\WindowsNoEditor\PythonAPI\examples	t\out00102462.jpg",[0 1 0 0]
"D:\WindowsNoEditor\PythonAPI\examples	t\out00102463.jpg",[0 1 0 0]
"D:\WindowsNoEditor\PythonAPI\examples	t\out00102464.jpg",[0 1 0 0]
"D:\WindowsNoEditor\PythonAPI\examples	t\out00102465.jpg",[0 1 0 0]
"D:\WindowsNoEditor\PythonAPI\examples	t\out00102466.jpg",[0 1 0 0]
"D:\WindowsNoEditor\PythonAPI\examples	t\out00102467.jpg",[0 1 0 0]
"D:\WindowsNoEditor\PythonAPI\examples	t\out00102468.jpg",[0 1 0 0]
"D:\WindowsNoEditor\PythonAPI\examples	t\out00102469.jpg",[0 1 0 0]
"D:\WindowsNoEditor\PythonAPI\examples	t\out00102470.jpg",[0 1 0 0]
"D:\WindowsNoEditor\PythonAPI\examples	t\out00102471.jpg",[0 1 0 0]
"D:\WindowsNoEditor\PythonAPI\examples	t\out00102472.jpg",[1 0 0 0]
"D:\WindowsNoEditor\PythonAPI\examples	t\out00102473.jpg",[1 0 0 0]
"D:\WindowsNoEditor\PythonAPI\examples	t\out00102819.jpg",[1 0 0 0]
"D:\WindowsNoEditor\PythonAPI\examples	t\out00102820.jpg",[1 0 0 0]
"D:\WindowsNoEditor\PythonAPI\examples	t\out00102948.jpg",[1 0 0 0]
"D:\WindowsNoEditor\PythonAPI\examples	t\out00102949.jpg",[1 0 0 0]
"D:\WindowsNoEditor\PythonAPI\examples	t\out00103222.jpg",[1 0 0 0]
"D:\WindowsNoEditor\PythonAPI\examples	t\out00103223.jpg",[1 0 0 0]
"D:\WindowsNoEditor\PythonAPI\examples	t\out00103412.jpg",[1 0 0 0]
"D:\WindowsNoEditor\PythonAPI\examples	t\out00103413.jpg",[1 0 0 0]
"D:\WindowsNoEditor\PythonAPI\examples	t\out00103529.jpg",[1 0 0 0]
"D:\WindowsNoEditor\PythonAPI\examples	t\out00103530.jpg",[1 0 0 0]
"D:\WindowsNoEditor\PythonAPI\examples	t\out00103671.jpg",[1 0 0 0]
"D:\WindowsNoEditor\PythonAPI\examples	t\out00103672.jpg",[1 0 0 0]
"D:\WindowsNoEditor\PythonAPI\examples	t\out00104033.jpg",[1 0 0 0]
"D:\WindowsNoEditor\PythonAPI\examples	t\out00104034.jpg",[1 0 0 0]
"D:\WindowsNoEditor\PythonAPI\examples	t\out00104145.jpg",[1 0 0 0]
"D:\WindowsNoEditor\PythonAPI\examples	t\out00104146.jpg",[1 0 0 0]
"D:\WindowsNoEditor\PythonAPI\examples	t\out00104242.jpg",[1 0 0 0]
"D:\WindowsNoEditor\PythonAPI\examples	t\out00104243.jpg",[1 0 0 0]
"D:\WindowsNoEditor\PythonAPI\examples	t\out00104432.jpg",[1 0 0 0]
"D:\WindowsNoEditor\PythonAPI\examples	t\out00104433.jpg",[1 0 0 0]
D:/WindowsNoEditor/PythonAPI/examples/green/out00745879.jpg,[0 0 1 0]
D:/WindowsNoEditor/PythonAPI/examples/green/out00745880.jpg,[0 0 1 0]
D:/WindowsNoEditor/PythonAPI/examples/green/out00745881.jpg,[0 0 1 0]
D:/WindowsNoEditor/PythonAPI/examples/green/out00745882.jpg,[0 0 1 0]
D:/WindowsNoEditor/PythonAPI/examples/green/out00745883.jpg,[0 0 1 0]
D:/WindowsNoEditor/PythonAPI/examples/green/out00745884.jpg,[0 0 1 0]
D:/WindowsNoEditor/PythonAPI/examples/green/out00745885.jpg,[0 0 1 0]
D:/WindowsNoEditor/PythonAPI/examples/green/out00745886.jpg,[0 0 1 0]
D:/WindowsNoEditor/PythonAPI/examples/green/out00745887.jpg,[0 0 1 0]
D:/WindowsNoEditor/PythonAPI/examples/green/out00745888.jpg,[0 0 1 0]
D:/WindowsNoEditor/PythonAPI/examples/green/out00745889.jpg,[0 0 1 0]
D:/WindowsNoEditor/PythonAPI/examples/green/out00745890.jpg,[0 0 1 0]
D:/WindowsNoEditor/PythonAPI/examples/green/out00745891.jpg,[0 0 1 0]
D:/WindowsNoEditor/PythonAPI/examples/green/out00745892.jpg,[0 0 1 0]
D:/WindowsNoEditor/PythonAPI/examples/green/out00745893.jpg,[0 0 1 0]
D:/WindowsNoEditor/PythonAPI/examples/green/out00745894.jpg,[0 0 1 0]
D:/WindowsNoEditor/PythonAPI/examples/green/out00745895.jpg,[0 0 1 0]
D:/WindowsNoEditor/PythonAPI/examples/green/out00745896.jpg,[0 0 1 0]
D:/WindowsNoEditor/PythonAPI/examples/green/out00745897.jpg,[0 0 1 0]
D:/WindowsNoEditor/PythonAPI/examples/green/out00745898.jpg,[0 0 1 0]
D:/WindowsNoEditor/PythonAPI/examples/green/out00745899.jpg,[0 0 1 0]
D:/WindowsNoEditor/PythonAPI/examples/green/out00745900.jpg,[0 0 1 0]
D:/WindowsNoEditor/PythonAPI/examples/green/out00755072.jpg,[0 0 1 0]
D:/WindowsNoEditor/PythonAPI/examples/green/out00755073.jpg,[0 0 1 0]
D:/WindowsNoEditor/PythonAPI/examples/green/out00755074.jpg,[0 0 1 0]
D:/WindowsNoEditor/PythonAPI/examples/green/out00755075.jpg,[0 0 1 0]
D:/WindowsNoEditor/PythonAPI/examples/green/out00755076.jpg,[0 0 1 0]
D:/WindowsNoEditor/PythonAPI/examples/green/out00755077.jpg,[0 0 1 0]
D:/WindowsNoEditor/PythonAPI/examples/green/out00755078.jpg,[0 0 1 0]
D:/WindowsNoEditor/PythonAPI/examples/green/out00755079.jpg,[0 0 1 0]
D:/WindowsNoEditor/PythonAPI/examples/green/out00755080.jpg,[0 0 1 0]
D:/WindowsNoEditor/PythonAPI/examples/green/out00755081.jpg,[0 0 1 0]
D:/WindowsNoEditor/PythonAPI/examples/green/out00755082.jpg,[0 0 1 0]
D:/WindowsNoEditor/PythonAPI/examples/green/out00755083.jpg,[0 0 1 0]
D:/WindowsNoEditor/PythonAPI/examples/green/out00755084.jpg,[0 0 1 0]
D:/WindowsNoEditor/PythonAPI/examples/green/out00755085.jpg,[0 0 1 0]
D:/WindowsNoEditor/PythonAPI/examples/green/out00755086.jpg,[0 0 1 0]
D:/WindowsNoEditor/PythonAPI/examples/green/out00755087.jpg,[0 0 1 0]
D:/WindowsNoEditor/PythonAPI/examples/green/out00755088.jpg,[0 0 1 0]
D:/WindowsNoEditor/PythonAPI/examples/green/out00755089.jpg,[0 0 1 0]
D:/WindowsNoEditor/PythonAPI/examples/green/out00755090.jpg,[0 0 1 0]
D:/WindowsNoEditor/PythonAPI/examples/green/out00755091.jpg,[0 0 1 0]
D:/WindowsNoEditor/PythonAPI/examples/green/out00755092.jpg,[0 0 1 0]
D:/WindowsNoEditor/PythonAPI/examples/green/out00755431.jpg,[0 0 1 0]
D:/WindowsNoEditor/PythonAPI/examples/green/out00755432.jpg,[0 0 1 0]
D:/WindowsNoEditor/PythonAPI/examples/green/out00755433.jpg,[0 0 1 0]
D:/WindowsNoEditor/PythonAPI/examples/green/out00755434.jpg,[0 0 1 0]
D:/WindowsNoEditor/PythonAPI/examples/green/out00755435.jpg,[0 0 1 0]
D:/WindowsNoEditor/PythonAPI/examples/green/out00755436.jpg,[0 0 1 0]
D:/WindowsNoEditor/PythonAPI/examples/green/out00755437.jpg,[0 0 1 0]
D:/WindowsNoEditor/PythonAPI/examples/green/out00755438.jpg,[0 0 1 0]
D:/WindowsNoEditor/PythonAPI/examples/green/out00755439.jpg,[0 0 1 0]
D:/WindowsNoEditor/PythonAPI/examples/green/out00755440.jpg,[0 0 1 0]
D:/WindowsNoEditor/PythonAPI/examples/green/out00755441.jpg,[0 0 1 0]
D:/WindowsNoEditor/PythonAPI/examples/green/out00755442.jpg,[0 0 1 0]
D:/WindowsNoEditor/PythonAPI/examples/green/out00755443.jpg,[0 0 1 0]
D:/WindowsNoEditor/PythonAPI/examples/green/out00755444.jpg,[0 0 1 0]
D:/WindowsNoEditor/PythonAPI/examples/green/out00755445.jpg,[0 0 1 0]
D:/WindowsNoEditor/PythonAPI/examples/green/out00755446.jpg,[0 0 1 0]
D:/WindowsNoEditor/PythonAPI/examples/green/out00755447.jpg,[0 0 1 0]
D:/WindowsNoEditor/PythonAPI/examples/green/out00755448.jpg,[0 0 1 0]
D:/WindowsNoEditor/PythonAPI/examples/green/out00755449.jpg,[0 0 1 0]
D:/WindowsNoEditor/PythonAPI/examples/green/out00755450.jpg,[0 0 1 0]
D:/WindowsNoEditor/PythonAPI/examples/green/out00755451.jpg,[0 0 1 0]
D:/WindowsNoEditor/PythonAPI/examples/green/out00755452.jpg,[0 0 1 0]
D:/WindowsNoEditor/PythonAPI/examples/green/out00755453.jpg,[0 0 1 0]
D:/WindowsNoEditor/PythonAPI/examples/green/out00755454.jpg,[0 0 1 0]
D:/WindowsNoEditor/PythonAPI/examples/green/out00755455.jpg,[0 0 1 0]
D:/WindowsNoEditor/PythonAPI/examples/green/out00755456.jpg,[0 0 1 0]
D:/WindowsNoEditor/PythonAPI/examples/green/out00755457.jpg,[0 0 1 0]
D:/WindowsNoEditor/PythonAPI/examples/green/out00755458.jpg,[0 0 1 0]
D:/WindowsNoEditor/PythonAPI/examples/green/out00755459.jpg,[0 0 1 0]
D:/WindowsNoEditor/PythonAPI/examples/green/out00755460.jpg,[0 0 1 0]
D:/WindowsNoEditor/PythonAPI/examples/green/out00755461.jpg,[0 0 1 0]
D:/WindowsNoEditor/PythonAPI/examples/green/out00755462.jpg,[0 0 1 0]
D:/WindowsNoEditor/PythonAPI/examples/green/out00755463.jpg,[0 0 1 0]
D:/WindowsNoEditor/PythonAPI/examples/green/out00757694.jpg,[0 0 1 0]
D:/WindowsNoEditor/PythonAPI/examples/green/out00757695.jpg,[0 0 1 0]
D:/WindowsNoEditor/PythonAPI/examples/green/out00757696.jpg,[0 0 1 0]
D:/WindowsNoEditor/PythonAPI/examples/green/out00757697.jpg,[0 0 1 0]
D:/WindowsNoEditor/PythonAPI/examples/green/out00757698.jpg,[0 0 1 0]
D:/WindowsNoEditor/PythonAPI/examples/green/out00757699.jpg,[0 0 1 0]
D:/WindowsNoEditor/PythonAPI/examples/green/out00757700.jpg,[0 0 1 0]
D:/WindowsNoEditor/PythonAPI/examples/green/out00757701.jpg,[0 0 1 0]
D:/WindowsNoEditor/PythonAPI/examples/green/out00757702.jpg,[0 0 1 0]
D:/WindowsNoEditor/PythonAPI/examples/green/out00757703.jpg,[0 0 1 0]
D:/WindowsNoEditor/PythonAPI/examples/green/out00757704.jpg,[0 0 1 0]
D:/WindowsNoEditor/PythonAPI/examples/green/out00757705.jpg,[0 0 1 0]
D:/WindowsNoEditor/PythonAPI/examples/green/out00757706.jpg,[0 0 1 0]
D:/WindowsNoEditor/PythonAPI/examples/green/out00757707.jpg,[0 0 1 0]
D:/WindowsNoEditor/PythonAPI/examples/green/out00757708.jpg,[0 0 1 0]
D:/WindowsNoEditor/PythonAPI/examples/green/out00757709.jpg,[0 0 1 0]
D:/WindowsNoEditor/PythonAPI/examples/green/out00757710.jpg,[0 0 1 0]
D:/WindowsNoEditor/PythonAPI/examples/green/out00757711.jpg,[0 0 1 0]
D:/WindowsNoEditor/PythonAPI/examples/green/out00757712.jpg,[0 0 1 0]
D:/WindowsNoEditor/PythonAPI/examples/green/out00757713.jpg,[0 0 1 0]
D:/WindowsNoEditor/PythonAPI/examples/green/out00757714.jpg,[0 0 1 0]
D:/WindowsNoEditor/PythonAPI/examples/green/out00757715.jpg,[0 0 1 0]
D:/WindowsNoEditor/PythonAPI/examples/green/out00759256.jpg,[0 0 1 0]
D:/WindowsNoEditor/PythonAPI/examples/green/out00759257.jpg,[0 0 1 0]
D:/WindowsNoEditor/PythonAPI/examples/green/out00759258.jpg,[0 0 1 0]
D:/WindowsNoEditor/PythonAPI/examples/green/out00759259.jpg,[0 0 1 0]
D:/WindowsNoEditor/PythonAPI/examples/green/out00759260.jpg,[0 0 1 0]
D:/WindowsNoEditor/PythonAPI/examples/green/out00759261.jpg,[0 0 1 0]
D:/WindowsNoEditor/PythonAPI/examples/green/out00759262.jpg,[0 0 1 0]
D:/WindowsNoEditor/PythonAPI/examples/green/out00759263.jpg,[0 0 1 0]
D:/WindowsNoEditor/PythonAPI/examples/green/out00759264.jpg,[0 0 1 0]
D:/WindowsNoEditor/PythonAPI/examples/green/out00759265.jpg,[0 0 1 0]
D:/WindowsNoEditor/PythonAPI/examples/green/out00759266.jpg,[0 0 1 0]
D:/WindowsNoEditor/PythonAPI/examples/green/out00759267.jpg,[0 0 1 0]
D:/WindowsNoEditor/PythonAPI/examples/green/out00759268.jpg,[0 0 1 0]
D:/WindowsNoEditor/PythonAPI/examples/green/out00759269.jpg,[0 0 1 0]
D:/WindowsNoEditor/PythonAPI/examples/green/out00759270.jpg,[0 0 1 0]
D:/WindowsNoEditor/PythonAPI/examples/green/out00759271.jpg,[0 0 1 0]
D:/WindowsNoEditor/PythonAPI/examples/green/out00759272.jpg,[0 0 1 0]
D:/WindowsNoEditor/PythonAPI/examples/green/out00759273.jpg,[0 0 1 0]
D:/WindowsNoEditor/PythonAPI/examples/green/out00759274.jpg,[0 0 1 0]
D:/WindowsNoEditor/PythonAPI/examples/green/out00759275.jpg,[0 0 1 0]
D:/WindowsNoEditor/PythonAPI/examples/green/out00759276.jpg,[0 0 1 0]
D:/WindowsNoEditor/PythonAPI/examples/green/out00759277.jpg,[0 0 1 0]
D:/WindowsNoEditor/PythonAPI/examples/green/out00759278.jpg,[0 0 1 0]
D:/WindowsNoEditor/PythonAPI/examples/green/out00759279.jpg,[0 0 1 0]
D:/WindowsNoEditor/PythonAPI/examples/green/out00760643.jpg,[0 0 1 0]
D:/WindowsNoEditor/PythonAPI/examples/green/out00760644.jpg,[0 0 1 0]
D:/WindowsNoEditor/PythonAPI/examples/green/out00760645.jpg,[0 0 1 0]
D:/WindowsNoEditor/PythonAPI/examples/green/out00760646.jpg,[0 0 1 0]
D:/WindowsNoEditor/PythonAPI/examples/green/out00760647.jpg,[0 0 1 0]
D:/WindowsNoEditor/PythonAPI/examples/green/out00760648.jpg,[0 0 1 0]
D:/WindowsNoEditor/PythonAPI/examples/green/out00760649.jpg,[0 0 1 0]
D:/WindowsNoEditor/PythonAPI/examples/green/out00760650.jpg,[0 0 1 0]
D:/WindowsNoEditor/PythonAPI/examples/green/out00760651.jpg,[0 0 1 0]
D:/WindowsNoEditor/PythonAPI/examples/green/out00760652.jpg,[0 0 1 0]
D:/WindowsNoEditor/PythonAPI/examples/green/out00760653.jpg,[0 0 1 0]
D:/WindowsNoEditor/PythonAPI/examples/green/out00760654.jpg,[0 0 1 0]
D:/WindowsNoEditor/PythonAPI/examples/green/out00760655.jpg,[0 0 1 0]
D:/WindowsNoEditor/PythonAPI/examples/green/out00760656.jpg,[0 0 1 0]
D:/WindowsNoEditor/PythonAPI/examples/green/out00760657.jpg,[0 0 1 0]
D:/WindowsNoEditor/PythonAPI/examples/green/out00760658.jpg,[0 0 1 0]
D:/WindowsNoEditor/PythonAPI/examples/green/out00760659.jpg,[0 0 1 0]
D:/WindowsNoEditor/PythonAPI/examples/green/out00760660.jpg,[0 0 1 0]
D:/WindowsNoEditor/PythonAPI/examples/green/out00760661.jpg,[0 0 1 0]
D:/WindowsNoEditor/PythonAPI/examples/green/out00760662.jpg,[0 0 1 0]
D:/WindowsNoEditor/PythonAPI/examples/green/out00760663.jpg,[0 0 1 0]
D:/WindowsNoEditor/PythonAPI/examples/green/out00760664.jpg,[0 0 1 0]
D:/WindowsNoEditor/PythonAPI/examples/green/out00760665.jpg,[0 0 1 0]
D:/WindowsNoEditor/PythonAPI/examples/green/out00760666.jpg,[0 0 1 0]
D:/WindowsNoEditor/PythonAPI/examples/green/out00760667.jpg,[0 0 1 0]
D:/WindowsNoEditor/PythonAPI/examples/green/out00760668.jpg,[0 0 1 0]
D:/WindowsNoEditor/PythonAPI/examples/green/out00760669.jpg,[0 0 1 0]
D:/WindowsNoEditor/PythonAPI/examples/green/out00760670.jpg,[0 0 1 0]
D:/WindowsNoEditor/PythonAPI/examples/green/out00760671.jpg,[0 0 1 0]
D:/WindowsNoEditor/PythonAPI/examples/green/out00760672.jpg,[0 0 1 0]
D:/WindowsNoEditor/PythonAPI/examples/green/out00760673.jpg,[0 0 1 0]
D:/WindowsNoEditor/PythonAPI/examples/green/out00761071.jpg,[0 0 1 0]
D:/WindowsNoEditor/PythonAPI/examples/green/out00761072.jpg,[0 0 1 0]
D:/WindowsNoEditor/PythonAPI/examples/green/out00761073.jpg,[0 0 1 0]
D:/WindowsNoEditor/PythonAPI/examples/green/out00761074.jpg,[0 0 1 0]
D:/WindowsNoEditor/PythonAPI/examples/green/out00761075.jpg,[0 0 1 0]
D:/WindowsNoEditor/PythonAPI/examples/green/out00761076.jpg,[0 0 1 0]
D:/WindowsNoEditor/PythonAPI/examples/green/out00761077.jpg,[0 0 1 0]
D:/WindowsNoEditor/PythonAPI/examples/green/out00761078.jpg,[0 0 1 0]
D:/WindowsNoEditor/PythonAPI/examples/green/out00761079.jpg,[0 0 1 0]
D:/WindowsNoEditor/PythonAPI/examples/green/out00761080.jpg,[0 0 1 0]
D:/WindowsNoEditor/PythonAPI/examples/green/out00761081.jpg,[0 0 1 0]
D:/WindowsNoEditor/PythonAPI/examples/green/out00761082.jpg,[0 0 1 0]
D:/WindowsNoEditor/PythonAPI/examples/green/out00761083.jpg,[0 0 1 0]
D:/WindowsNoEditor/PythonAPI/examples/green/out00761084.jpg,[0 0 1 0]
D:/WindowsNoEditor/PythonAPI/examples/green/out00761085.jpg,[0 0 1 0]
D:/WindowsNoEditor/PythonAPI/examples/green/out00761086.jpg,[0 0 1 0]
D:/WindowsNoEditor/PythonAPI/examples/green/out00761087.jpg,[0 0 1 0]
D:/WindowsNoEditor/PythonAPI/examples/green/out00761088.jpg,[0 0 1 0]
D:/WindowsNoEditor/PythonAPI/examples/green/out00761089.jpg,[0 0 1 0]
D:/WindowsNoEditor/PythonAPI/examples/green/out00761090.jpg,[0 0 1 0]
D:/WindowsNoEditor/PythonAPI/examples/green/out00761091.jpg,[0 0 1 0]
D:/WindowsNoEditor/PythonAPI/examples/green/out00761092.jpg,[0 0 1 0]
D:/WindowsNoEditor/PythonAPI/examples/green/out00761093.jpg,[0 0 1 0]
D:/WindowsNoEditor/PythonAPI/examples/green/out00761094.jpg,[0 0 1 0]
D:/WindowsNoEditor/PythonAPI/examples/green/out00761095.jpg,[0 0 1 0]
D:/WindowsNoEditor/PythonAPI/examples/green/out00761096.jpg,[0 0 1 0]
D:/WindowsNoEditor/PythonAPI/examples/green/out00761097.jpg,[0 0 1 0]
D:/WindowsNoEditor/PythonAPI/examples/green/out00761098.jpg,[0 0 1 0]
D:/WindowsNoEditor/PythonAPI/examples/green/out00761099.jpg,[0 0 1 0]
D:/WindowsNoEditor/PythonAPI/examples/green/out00761100.jpg,[0 0 1 0]
D:/WindowsNoEditor/PythonAPI/examples/green/out00761101.jpg,[0 0 1 0]
D:/WindowsNoEditor/PythonAPI/examples/green/out00761102.jpg,[0 0 1 0]
D:/WindowsNoEditor/PythonAPI/examples/green/out00761103.jpg,[0 0 1 0]
D:/WindowsNoEditor/PythonAPI/examples/green/out00761423.jpg,[0 0 1 0]
D:/WindowsNoEditor/PythonAPI/examples/green/out00761424.jpg,[0 0 1 0]
D:/WindowsNoEditor/PythonAPI/examples/green/out00761425.jpg,[0 0 1 0]
D:/WindowsNoEditor/PythonAPI/examples/green/out00761426.jpg,[0 0 1 0]
D:/WindowsNoEditor/PythonAPI/examples/green/out00761427.jpg,[0 0 1 0]
D:/WindowsNoEditor/PythonAPI/examples/green/out00761428.jpg,[0 0 1 0]
D:/WindowsNoEditor/PythonAPI/examples/green/out00761429.jpg,[0 0 1 0]
D:/WindowsNoEditor/PythonAPI/examples/green/out00761430.jpg,[0 0 1 0]
D:/WindowsNoEditor/PythonAPI/examples/green/out00761431.jpg,[0 0 1 0]
D:/WindowsNoEditor/PythonAPI/examples/green/out00761432.jpg,[0 0 1 0]
D:/WindowsNoEditor/PythonAPI/examples/green/out00761433.jpg,[0 0 1 0]
D:/WindowsNoEditor/PythonAPI/examples/green/out00761434.jpg,[0 0 1 0]
D:/WindowsNoEditor/PythonAPI/examples/green/out00761435.jpg,[0 0 1 0]
D:/WindowsNoEditor/PythonAPI/examples/green/out00761436.jpg,[0 0 1 0]
D:/WindowsNoEditor/PythonAPI/examples/green/out00761437.jpg,[0 0 1 0]
D:/WindowsNoEditor/PythonAPI/examples/green/out00761438.jpg,[0 0 1 0]
D:/WindowsNoEditor/PythonAPI/examples/green/out00761439.jpg,[0 0 1 0]
D:/WindowsNoEditor/PythonAPI/examples/green/out00761440.jpg,[0 0 1 0]
D:/WindowsNoEditor/PythonAPI/examples/green/out00761441.jpg,[0 0 1 0]
D:/WindowsNoEditor/PythonAPI/examples/green/out00761442.jpg,[0 0 1 0]
D:/WindowsNoEditor/PythonAPI/examples/green/out00761443.jpg,[0 0 1 0]
D:/WindowsNoEditor/PythonAPI/examples/green/out00761444.jpg,[0 0 1 0]
D:/WindowsNoEditor/PythonAPI/examples/green/out00761445.jpg,[0 0 1 0]
D:/WindowsNoEditor/PythonAPI/examples/green/out00761446.jpg,[0 0 1 0]
D:/WindowsNoEditor/PythonAPI/examples/green/out00761447.jpg,[0 0 1 0]
D:/WindowsNoEditor/PythonAPI/examples/green/out00761448.jpg,[0 0 1 0]
D:/WindowsNoEditor/PythonAPI/examples/green/out00761449.jpg,[0 0 1 0]
D:/WindowsNoEditor/PythonAPI/examples/green/out00761450.jpg,[0 0 1 0]
D:/WindowsNoEditor/PythonAPI/examples/green/out00761451.jpg,[0 0 1 0]
D:/WindowsNoEditor/PythonAPI/examples/green/out00761452.jpg,[0 0 1 0]
D:/WindowsNoEditor/PythonAPI/examples/green/out00761453.jpg,[0 0 1 0]
D:/WindowsNoEditor/PythonAPI/examples/green/out00761454.jpg,[0 0 1 0]
D:/WindowsNoEditor/PythonAPI/examples/green/out00761455.jpg,[0 0 1 0]
D:/WindowsNoEditor/PythonAPI/examples/green/out00762193.jpg,[0 0 1 0]
D:/WindowsNoEditor/PythonAPI/examples/green/out00762194.jpg,[0 0 1 0]
D:/WindowsNoEditor/PythonAPI/examples/green/out00762195.jpg,[0 0 1 0]
D:/WindowsNoEditor/PythonAPI/examples/green/out00762196.jpg,[0 0 1 0]
D:/WindowsNoEditor/PythonAPI/examples/green/out00762197.jpg,[0 0 1 0]
D:/WindowsNoEditor/PythonAPI/examples/green/out00762198.jpg,[0 0 1 0]
D:/WindowsNoEditor/PythonAPI/examples/green/out00762199.jpg,[0 0 1 0]
D:/WindowsNoEditor/PythonAPI/examples/green/out00762200.jpg,[0 0 1 0]
D:/WindowsNoEditor/PythonAPI/examples/green/out00762201.jpg,[0 0 1 0]
D:/WindowsNoEditor/PythonAPI/examples/green/out00762202.jpg,[0 0 1 0]
D:/WindowsNoEditor/PythonAPI/examples/green/out00762203.jpg,[0 0 1 0]
D:/WindowsNoEditor/PythonAPI/examples/green/out00762204.jpg,[0 0 1 0]
D:/WindowsNoEditor/PythonAPI/examples/green/out00762205.jpg,[0 0 1 0]
D:/WindowsNoEditor/PythonAPI/examples/green/out00762206.jpg,[0 0 1 0]
D:/WindowsNoEditor/PythonAPI/examples/green/out00762207.jpg,[0 0 1 0]
D:/WindowsNoEditor/PythonAPI/examples/green/out00762208.jpg,[0 0 1 0]
D:/WindowsNoEditor/PythonAPI/examples/green/out00762209.jpg,[0 0 1 0]
D:/WindowsNoEditor/PythonAPI/examples/green/out00762210.jpg,[0 0 1 0]
D:/WindowsNoEditor/PythonAPI/examples/green/out00762211.jpg,[0 0 1 0]
D:/WindowsNoEditor/PythonAPI/examples/green/out00762212.jpg,[0 0 1 0]
D:/WindowsNoEditor/PythonAPI/examples/green/out00762213.jpg,[0 0 1 0]
D:/WindowsNoEditor/PythonAPI/examples/green/out00762214.jpg,[0 0 1 0]
D:/WindowsNoEditor/PythonAPI/examples/green/out00762215.jpg,[0 0 1 0]
D:/WindowsNoEditor/PythonAPI/examples/green/out00762216.jpg,[0 0 1 0]
D:/WindowsNoEditor/PythonAPI/examples/green/out00762217.jpg,[0 0 1 0]
D:/WindowsNoEditor/PythonAPI/examples/green/out00762218.jpg,[0 0 1 0]
D:/WindowsNoEditor/PythonAPI/examples/green/out00762219.jpg,[0 0 1 0]
D:/WindowsNoEditor/PythonAPI/examples/green/out00762220.jpg,[0 0 1 0]
D:/WindowsNoEditor/PythonAPI/examples/green/out00762221.jpg,[0 0 1 0]
D:/WindowsNoEditor/PythonAPI/examples/green/out00762222.jpg,[0 0 1 0]
D:/WindowsNoEditor/PythonAPI/examples/green/out00762223.jpg,[0 0 1 0]
D:/WindowsNoEditor/PythonAPI/examples/green/out00762224.jpg,[0 0 1 0]
D:/WindowsNoEditor/PythonAPI/examples/green/out00762225.jpg,[0 0 1 0]
D:/WindowsNoEditor/PythonAPI/examples/green/out00873301.jpg,[0 0 1 0]
D:/WindowsNoEditor/PythonAPI/examples/green/out00873302.jpg,[0 0 1 0]
D:/WindowsNoEditor/PythonAPI/examples/green/out00873303.jpg,[0 0 1 0]
D:/WindowsNoEditor/PythonAPI/examples/green/out00873304.jpg,[0 0 1 0]
D:/WindowsNoEditor/PythonAPI/examples/green/out00873305.jpg,[0 0 1 0]
D:/WindowsNoEditor/PythonAPI/examples/green/out00873306.jpg,[0 0 1 0]
D:/WindowsNoEditor/PythonAPI/examples/green/out00873307.jpg,[0 0 1 0]
D:/WindowsNoEditor/PythonAPI/examples/green/out00873308.jpg,[0 0 1 0]
D:/WindowsNoEditor/PythonAPI/examples/green/out00873309.jpg,[0 0 1 0]
D:/WindowsNoEditor/PythonAPI/examples/green/out00873310.jpg,[0 0 1 0]
D:/WindowsNoEditor/PythonAPI/examples/green/out00873311.jpg,[0 0 1 0]
D:/WindowsNoEditor/PythonAPI/examples/green/out00873312.jpg,[0 0 1 0]
D:/WindowsNoEditor/PythonAPI/examples/green/out00873313.jpg,[0 0 1 0]
D:/WindowsNoEditor/PythonAPI/examples/green/out00873314.jpg,[0 0 1 0]
D:/WindowsNoEditor/PythonAPI/examples/green/out00873315.jpg,[0 0 1 0]
D:/WindowsNoEditor/PythonAPI/examples/green/out00873316.jpg,[0 0 1 0]
D:/WindowsNoEditor/PythonAPI/examples/green/out00873317.jpg,[0 0 1 0]
D:/WindowsNoEditor/PythonAPI/examples/green/out00873318.jpg,[0 0 1 0]
D:/WindowsNoEditor/PythonAPI/examples/none/out00745296.jpg,[0 0 0 1]
D:/WindowsNoEditor/PythonAPI/examples/none/out00745297.jpg,[0 0 0 1]
D:/WindowsNoEditor/PythonAPI/examples/none/out00745298.jpg,[0 0 0 1]
D:/WindowsNoEditor/PythonAPI/examples/none/out00745299.jpg,[0 0 0 1]
D:/WindowsNoEditor/PythonAPI/examples/none/out00745300.jpg,[0 0 0 1]
D:/WindowsNoEditor/PythonAPI/examples/none/out00745301.jpg,[0 0 0 1]
D:/WindowsNoEditor/PythonAPI/examples/none/out00745302.jpg,[0 0 0 1]
D:/WindowsNoEditor/PythonAPI/examples/none/out00745303.jpg,[0 0 0 1]
D:/WindowsNoEditor/PythonAPI/examples/none/out00745304.jpg,[0 0 0 1]
D:/WindowsNoEditor/PythonAPI/examples/none/out00745305.jpg,[0 0 0 1]
D:/WindowsNoEditor/PythonAPI/examples/none/out00745306.jpg,[0 0 0 1]
D:/WindowsNoEditor/PythonAPI/examples/none/out00745747.jpg,[0 0 0 1]
D:/WindowsNoEditor/PythonAPI/examples/none/out00745748.jpg,[0 0 0 1]
D:/WindowsNoEditor/PythonAPI/examples/none/out00745749.jpg,[0 0 0 1]
D:/WindowsNoEditor/PythonAPI/examples/none/out00745750.jpg,[0 0 0 1]
D:/WindowsNoEditor/PythonAPI/examples/none/out00745751.jpg,[0 0 0 1]
D:/WindowsNoEditor/PythonAPI/examples/none/out00745752.jpg,[0 0 0 1]
D:/WindowsNoEditor/PythonAPI/examples/none/out00745753.jpg,[0 0 0 1]
D:/WindowsNoEditor/PythonAPI/examples/none/out00745754.jpg,[0 0 0 1]
D:/WindowsNoEditor/PythonAPI/examples/none/out00745755.jpg,[0 0 0 1]
D:/WindowsNoEditor/PythonAPI/examples/none/out00745756.jpg,[0 0 0 1]
D:/WindowsNoEditor/PythonAPI/examples/none/out00745757.jpg,[0 0 0 1]
D:/WindowsNoEditor/PythonAPI/examples/none/out00746093.jpg,[0 0 0 1]
D:/WindowsNoEditor/PythonAPI/examples/none/out00746094.jpg,[0 0 0 1]
D:/WindowsNoEditor/PythonAPI/examples/none/out00746095.jpg,[0 0 0 1]
D:/WindowsNoEditor/PythonAPI/examples/none/out00746096.jpg,[0 0 0 1]
D:/WindowsNoEditor/PythonAPI/examples/none/out00746097.jpg,[0 0 0 1]
D:/WindowsNoEditor/PythonAPI/examples/none/out00746098.jpg,[0 0 0 1]
D:/WindowsNoEditor/PythonAPI/examples/none/out00746732.jpg,[0 0 0 1]
D:/WindowsNoEditor/PythonAPI/examples/none/out00746733.jpg,[0 0 0 1]
D:/WindowsNoEditor/PythonAPI/examples/none/out00746734.jpg,[0 0 0 1]
D:/WindowsNoEditor/PythonAPI/examples/none/out00746735.jpg,[0 0 0 1]
D:/WindowsNoEditor/PythonAPI/examples/none/out00746736.jpg,[0 0 0 1]
D:/WindowsNoEditor/PythonAPI/examples/none/out00746737.jpg,[0 0 0 1]
D:/WindowsNoEditor/PythonAPI/examples/none/out00746738.jpg,[0 0 0 1]
D:/WindowsNoEditor/PythonAPI/examples/none/out00746739.jpg,[0 0 0 1]
D:/WindowsNoEditor/PythonAPI/examples/none/out00746740.jpg,[0 0 0 1]
D:/WindowsNoEditor/PythonAPI/examples/none/out00746741.jpg,[0 0 0 1]
D:/WindowsNoEditor/PythonAPI/examples/none/out00746742.jpg,[0 0 0 1]
D:/WindowsNoEditor/PythonAPI/examples/none/out00746908.jpg,[0 0 0 1]
D:/WindowsNoEditor/PythonAPI/examples/none/out00746909.jpg,[0 0 0 1]
D:/WindowsNoEditor/PythonAPI/examples/none/out00746910.jpg,[0 0 0 1]
D:/WindowsNoEditor/PythonAPI/examples/none/out00746911.jpg,[0 0 0 1]
D:/WindowsNoEditor/PythonAPI/examples/none/out00746912.jpg,[0 0 0 1]
D:/WindowsNoEditor/PythonAPI/examples/none/out00746913.jpg,[0 0 0 1]
D:/WindowsNoEditor/PythonAPI/examples/none/out00746914.jpg,[0 0 0 1]
D:/WindowsNoEditor/PythonAPI/examples/none/out00746915.jpg,[0 0 0 1]
D:/WindowsNoEditor/PythonAPI/examples/none/out00746916.jpg,[0 0 0 1]
D:/WindowsNoEditor/PythonAPI/examples/none/out00746917.jpg,[0 0 0 1]
D:/WindowsNoEditor/PythonAPI/examples/none/out00746918.jpg,[0 0 0 1]
D:/WindowsNoEditor/PythonAPI/examples/none/out00746919.jpg,[0 0 0 1]
D:/WindowsNoEditor/PythonAPI/examples/none/out00746920.jpg,[0 0 0 1]
D:/WindowsNoEditor/PythonAPI/examples/none/out00746921.jpg,[0 0 0 1]
D:/WindowsNoEditor/PythonAPI/examples/none/out00746922.jpg,[0 0 0 1]
D:/WindowsNoEditor/PythonAPI/examples/none/out00746923.jpg,[0 0 0 1]
D:/WindowsNoEditor/PythonAPI/examples/none/out00746924.jpg,[0 0 0 1]
D:/WindowsNoEditor/PythonAPI/examples/none/out00746925.jpg,[0 0 0 1]
D:/WindowsNoEditor/PythonAPI/examples/none/out00746926.jpg,[0 0 0 1]
D:/WindowsNoEditor/PythonAPI/examples/none/out00746927.jpg,[0 0 0 1]
D:/WindowsNoEditor/PythonAPI/examples/none/out00746928.jpg,[0 0 0 1]
D:/WindowsNoEditor/PythonAPI/examples/none/out00746929.jpg,[0 0 0 1]
D:/WindowsNoEditor/PythonAPI/examples/none/out00748669.jpg,[0 0 0 1]
D:/WindowsNoEditor/PythonAPI/examples/none/out00748670.jpg,[0 0 0 1]
D:/WindowsNoEditor/PythonAPI/examples/none/out00748671.jpg,[0 0 0 1]
D:/WindowsNoEditor/PythonAPI/examples/none/out00748672.jpg,[0 0 0 1]
D:/WindowsNoEditor/PythonAPI/examples/none/out00748673.jpg,[0 0 0 1]
D:/WindowsNoEditor/PythonAPI/examples/none/out00748674.jpg,[0 0 0 1]
D:/WindowsNoEditor/PythonAPI/examples/none/out00748675.jpg,[0 0 0 1]
D:/WindowsNoEditor/PythonAPI/examples/none/out00748676.jpg,[0 0 0 1]
D:/WindowsNoEditor/PythonAPI/examples/none/out00748677.jpg,[0 0 0 1]
D:/WindowsNoEditor/PythonAPI/examples/none/out00748678.jpg,[0 0 0 1]
D:/WindowsNoEditor/PythonAPI/examples/none/out00748679.jpg,[0 0 0 1]
D:/WindowsNoEditor/PythonAPI/examples/none/out00748680.jpg,[0 0 0 1]
D:/WindowsNoEditor/PythonAPI/examples/none/out00748681.jpg,[0 0 0 1]
D:/WindowsNoEditor/PythonAPI/examples/none/out00748682.jpg,[0 0 0 1]
D:/WindowsNoEditor/PythonAPI/examples/none/out00748683.jpg,[0 0 0 1]
D:/WindowsNoEditor/PythonAPI/examples/none/out00748684.jpg,[0 0 0 1]
D:/WindowsNoEditor/PythonAPI/examples/none/out00748685.jpg,[0 0 0 1]
D:/WindowsNoEditor/PythonAPI/examples/none/out00748686.jpg,[0 0 0 1]
D:/WindowsNoEditor/PythonAPI/examples/none/out00748687.jpg,[0 0 0 1]
D:/WindowsNoEditor/PythonAPI/examples/none/out00748688.jpg,[0 0 0 1]
D:/WindowsNoEditor/PythonAPI/examples/none/out00748689.jpg,[0 0 0 1]
D:/WindowsNoEditor/PythonAPI/examples/none/out00748690.jpg,[0 0 0 1]
D:/WindowsNoEditor/PythonAPI/examples/none/out00764908.jpg,[0 0 0 1]
D:/WindowsNoEditor/PythonAPI/examples/none/out00764909.jpg,[0 0 0 1]
D:/WindowsNoEditor/PythonAPI/examples/none/out00764910.jpg,[0 0 0 1]
D:/WindowsNoEditor/PythonAPI/examples/none/out00764911.jpg,[0 0 0 1]
D:/WindowsNoEditor/PythonAPI/examples/none/out00764912.jpg,[0 0 0 1]
D:/WindowsNoEditor/PythonAPI/examples/none/out00764913.jpg,[0 0 0 1]
D:/WindowsNoEditor/PythonAPI/examples/none/out00764914.jpg,[0 0 0 1]
D:/WindowsNoEditor/PythonAPI/examples/none/out00764915.jpg,[0 0 0 1]
D:/WindowsNoEditor/PythonAPI/examples/none/out00764916.jpg,[0 0 0 1]
D:/WindowsNoEditor/PythonAPI/examples/none/out00764917.jpg,[0 0 0 1]
D:/WindowsNoEditor/PythonAPI/examples/none/out00764918.jpg,[0 0 0 1]
D:/WindowsNoEditor/PythonAPI/examples/none/out00764919.jpg,[0 0 0 1]
D:/WindowsNoEditor/PythonAPI/examples/none/out00764920.jpg,[0 0 0 1]
D:/WindowsNoEditor/PythonAPI/examples/none/out00764921.jpg,[0 0 0 1]
D:/WindowsNoEditor/PythonAPI/examples/none/out00764922.jpg,[0 0 0 1]
D:/WindowsNoEditor/PythonAPI/examples/none/out00764923.jpg,[0 0 0 1]
D:/WindowsNoEditor/PythonAPI/examples/none/out00764924.jpg,[0 0 0 1]
D:/WindowsNoEditor/PythonAPI/examples/none/out00764925.jpg,[0 0 0 1]
D:/WindowsNoEditor/PythonAPI/examples/none/out00764926.jpg,[0 0 0 1]
D:/WindowsNoEditor/PythonAPI/examples/none/out00764927.jpg,[0 0 0 1]
D:/WindowsNoEditor/PythonAPI/examples/none/out00764928.jpg,[0 0 0 1]
D:/WindowsNoEditor/PythonAPI/examples/none/out00764929.jpg,[0 0 0 1]
D:/WindowsNoEditor/PythonAPI/examples/none/out00781150.jpg,[0 0 0 1]
D:/WindowsNoEditor/PythonAPI/examples/none/out00781151.jpg,[0 0 0 1]
D:/WindowsNoEditor/PythonAPI/examples/none/out00781152.jpg,[0 0 0 1]
D:/WindowsNoEditor/PythonAPI/examples/none/out00781153.jpg,[0 0 0 1]
D:/WindowsNoEditor/PythonAPI/examples/none/out00781154.jpg,[0 0 0 1]
D:/WindowsNoEditor/PythonAPI/examples/none/out00781155.jpg,[0 0 0 1]
D:/WindowsNoEditor/PythonAPI/examples/none/out00781156.jpg,[0 0 0 1]
D:/WindowsNoEditor/PythonAPI/examples/none/out00781157.jpg,[0 0 0 1]
D:/WindowsNoEditor/PythonAPI/examples/none/out00781158.jpg,[0 0 0 1]
D:/WindowsNoEditor/PythonAPI/examples/none/out00781159.jpg,[0 0 0 1]
D:/WindowsNoEditor/PythonAPI/examples/none/out00781160.jpg,[0 0 0 1]
D:/WindowsNoEditor/PythonAPI/examples/none/out00781161.jpg,[0 0 0 1]
D:/WindowsNoEditor/PythonAPI/examples/none/out00781162.jpg,[0 0 0 1]
D:/WindowsNoEditor/PythonAPI/examples/none/out00781163.jpg,[0 0 0 1]
D:/WindowsNoEditor/PythonAPI/examples/none/out00781164.jpg,[0 0 0 1]
D:/WindowsNoEditor/PythonAPI/examples/none/out00781165.jpg,[0 0 0 1]
D:/WindowsNoEditor/PythonAPI/examples/none/out00781166.jpg,[0 0 0 1]
D:/WindowsNoEditor/PythonAPI/examples/none/out00781167.jpg,[0 0 0 1]
D:/WindowsNoEditor/PythonAPI/examples/none/out00781168.jpg,[0 0 0 1]
D:/WindowsNoEditor/PythonAPI/examples/none/out00781169.jpg,[0 0 0 1]
D:/WindowsNoEditor/PythonAPI/examples/none/out00781170.jpg,[0 0 0 1]
D:/WindowsNoEditor/PythonAPI/examples/none/out00781171.jpg,[0 0 0 1]
D:/WindowsNoEditor/PythonAPI/examples/none/out00781249.jpg,[0 0 0 1]
D:/WindowsNoEditor/PythonAPI/examples/none/out00781250.jpg,[0 0 0 1]
D:/WindowsNoEditor/PythonAPI/examples/none/out00781251.jpg,[0 0 0 1]
D:/WindowsNoEditor/PythonAPI/examples/none/out00781252.jpg,[0 0 0 1]
D:/WindowsNoEditor/PythonAPI/examples/none/out00781253.jpg,[0 0 0 1]
D:/WindowsNoEditor/PythonAPI/examples/none/out00781261.jpg,[0 0 0 1]
D:/WindowsNoEditor/PythonAPI/examples/none/out00781262.jpg,[0 0 0 1]
D:/WindowsNoEditor/PythonAPI/examples/none/out00781263.jpg,[0 0 0 1]
D:/WindowsNoEditor/PythonAPI/examples/none/out00781264.jpg,[0 0 0 1]
D:/WindowsNoEditor/PythonAPI/examples/none/out00781734.jpg,[0 0 0 1]
D:/WindowsNoEditor/PythonAPI/examples/none/out00781735.jpg,[0 0 0 1]
D:/WindowsNoEditor/PythonAPI/examples/none/out00781736.jpg,[0 0 0 1]
D:/WindowsNoEditor/PythonAPI/examples/none/out00781737.jpg,[0 0 0 1]
D:/WindowsNoEditor/PythonAPI/examples/none/out00781745.jpg,[0 0 0 1]
D:/WindowsNoEditor/PythonAPI/examples/none/out00781746.jpg,[0 0 0 1]
D:/WindowsNoEditor/PythonAPI/examples/none/out00781747.jpg,[0 0 0 1]
D:/WindowsNoEditor/PythonAPI/examples/none/out00781748.jpg,[0 0 0 1]
D:/WindowsNoEditor/PythonAPI/examples/none/out00781749.jpg,[0 0 0 1]
D:/WindowsNoEditor/PythonAPI/examples/none/out00781750.jpg,[0 0 0 1]
D:/WindowsNoEditor/PythonAPI/examples/none/out00781751.jpg,[0 0 0 1]
D:/WindowsNoEditor/PythonAPI/examples/none/out00781752.jpg,[0 0 0 1]
D:/WindowsNoEditor/PythonAPI/examples/none/out00781753.jpg,[0 0 0 1]
D:/WindowsNoEditor/PythonAPI/examples/none/out00781754.jpg,[0 0 0 1]
D:/WindowsNoEditor/PythonAPI/examples/none/out00782151.jpg,[0 0 0 1]
D:/WindowsNoEditor/PythonAPI/examples/none/out00782152.jpg,[0 0 0 1]
D:/WindowsNoEditor/PythonAPI/examples/none/out00782153.jpg,[0 0 0 1]
D:/WindowsNoEditor/PythonAPI/examples/none/out00782154.jpg,[0 0 0 1]
D:/WindowsNoEditor/PythonAPI/examples/none/out00782155.jpg,[0 0 0 1]
D:/WindowsNoEditor/PythonAPI/examples/none/out00782156.jpg,[0 0 0 1]
D:/WindowsNoEditor/PythonAPI/examples/none/out00782157.jpg,[0 0 0 1]
D:/WindowsNoEditor/PythonAPI/examples/none/out00782158.jpg,[0 0 0 1]
D:/WindowsNoEditor/PythonAPI/examples/none/out00782159.jpg,[0 0 0 1]
D:/WindowsNoEditor/PythonAPI/examples/none/out00782160.jpg,[0 0 0 1]
D:/WindowsNoEditor/PythonAPI/examples/none/out00782161.jpg,[0 0 0 1]
D:/WindowsNoEditor/PythonAPI/examples/none/out00782162.jpg,[0 0 0 1]
D:/WindowsNoEditor/PythonAPI/examples/none/out00782163.jpg,[0 0 0 1]
D:/WindowsNoEditor/PythonAPI/examples/none/out00782164.jpg,[0 0 0 1]
D:/WindowsNoEditor/PythonAPI/examples/none/out00782165.jpg,[0 0 0 1]
D:/WindowsNoEditor/PythonAPI/examples/none/out00782166.jpg,[0 0 0 1]
D:/WindowsNoEditor/PythonAPI/examples/none/out00782171.jpg,[0 0 0 1]
D:/WindowsNoEditor/PythonAPI/examples/none/out00782172.jpg,[0 0 0 1]
D:/WindowsNoEditor/PythonAPI/examples/none/out00785748.jpg,[0 0 0 1]
D:/WindowsNoEditor/PythonAPI/examples/none/out00785749.jpg,[0 0 0 1]
D:/WindowsNoEditor/PythonAPI/examples/none/out00785750.jpg,[0 0 0 1]
D:/WindowsNoEditor/PythonAPI/examples/none/out00785751.jpg,[0 0 0 1]
D:/WindowsNoEditor/PythonAPI/examples/none/out00785752.jpg,[0 0 0 1]
D:/WindowsNoEditor/PythonAPI/examples/none/out00785757.jpg,[0 0 0 1]
D:/WindowsNoEditor/PythonAPI/examples/none/out00785758.jpg,[0 0 0 1]
D:/WindowsNoEditor/PythonAPI/examples/none/out00785759.jpg,[0 0 0 1]
D:/WindowsNoEditor/PythonAPI/examples/none/out00785760.jpg,[0 0 0 1]
D:/WindowsNoEditor/PythonAPI/examples/none/out00785761.jpg,[0 0 0 1]
D:/WindowsNoEditor/PythonAPI/examples/none/out00785762.jpg,[0 0 0 1]
D:/WindowsNoEditor/PythonAPI/examples/none/out00785763.jpg,[0 0 0 1]
D:/WindowsNoEditor/PythonAPI/examples/none/out00785768.jpg,[0 0 0 1]
D:/WindowsNoEditor/PythonAPI/examples/none/out00785769.jpg,[0 0 0 1]
D:/WindowsNoEditor/PythonAPI/examples/none/out00794054.jpg,[0 0 0 1]
D:/WindowsNoEditor/PythonAPI/examples/none/out00794055.jpg,[0 0 0 1]
D:/WindowsNoEditor/PythonAPI/examples/none/out00794056.jpg,[0 0 0 1]
D:/WindowsNoEditor/PythonAPI/examples/none/out00794057.jpg,[0 0 0 1]
D:/WindowsNoEditor/PythonAPI/examples/none/out00794058.jpg,[0 0 0 1]
D:/WindowsNoEditor/PythonAPI/examples/none/out00794063.jpg,[0 0 0 1]
D:/WindowsNoEditor/PythonAPI/examples/none/out00794064.jpg,[0 0 0 1]
D:/WindowsNoEditor/PythonAPI/examples/none/out00794065.jpg,[0 0 0 1]
D:/WindowsNoEditor/PythonAPI/examples/none/out00794066.jpg,[0 0 0 1]
D:/WindowsNoEditor/PythonAPI/examples/none/out00794067.jpg,[0 0 0 1]
D:/WindowsNoEditor/PythonAPI/examples/none/out00794068.jpg,[0 0 0 1]
D:/WindowsNoEditor/PythonAPI/examples/none/out00794069.jpg,[0 0 0 1]
D:/WindowsNoEditor/PythonAPI/examples/none/out00794070.jpg,[0 0 0 1]
D:/WindowsNoEditor/PythonAPI/examples/none/out00794071.jpg,[0 0 0 1]
D:/WindowsNoEditor/PythonAPI/examples/none/out00794072.jpg,[0 0 0 1]
D:/WindowsNoEditor/PythonAPI/examples/none/out00794073.jpg,[0 0 0 1]
D:/WindowsNoEditor/PythonAPI/examples/none/out00794074.jpg,[0 0 0 1]
D:/WindowsNoEditor/PythonAPI/examples/none/out00794075.jpg,[0 0 0 1]
D:/WindowsNoEditor/PythonAPI/examples/none/out00794076.jpg,[0 0 0 1]
D:/WindowsNoEditor/PythonAPI/examples/none/out00794077.jpg,[0 0 0 1]
D:/WindowsNoEditor/PythonAPI/examples/none/out00794078.jpg,[0 0 0 1]
D:/WindowsNoEditor/PythonAPI/examples/none/out00794079.jpg,[0 0 0 1]
D:/WindowsNoEditor/PythonAPI/examples/none/out00794080.jpg,[0 0 0 1]
D:/WindowsNoEditor/PythonAPI/examples/none/out00794081.jpg,[0 0 0 1]
D:/WindowsNoEditor/PythonAPI/examples/none/out00794082.jpg,[0 0 0 1]
D:/WindowsNoEditor/PythonAPI/examples/none/out00794083.jpg,[0 0 0 1]
D:/WindowsNoEditor/PythonAPI/examples/none/out00794084.jpg,[0 0 0 1]
D:/WindowsNoEditor/PythonAPI/examples/none/out00794085.jpg,[0 0 0 1]
D:/WindowsNoEditor/PythonAPI/examples/none/out00794086.jpg,[0 0 0 1]
D:/WindowsNoEditor/PythonAPI/examples/none/out00794087.jpg,[0 0 0 1]
D:/WindowsNoEditor/PythonAPI/examples/none/out00794088.jpg,[0 0 0 1]
D:/WindowsNoEditor/PythonAPI/examples/none/out00794089.jpg,[0 0 0 1]
D:/WindowsNoEditor/PythonAPI/examples/none/out00794090.jpg,[0 0 0 1]
D:/WindowsNoEditor/PythonAPI/examples/none/out00794091.jpg,[0 0 0 1]
D:/WindowsNoEditor/PythonAPI/examples/none/out00794092.jpg,[0 0 0 1]
D:/WindowsNoEditor/PythonAPI/examples/none/out00794093.jpg,[0 0 0 1]
D:/WindowsNoEditor/PythonAPI/examples/none/out00794094.jpg,[0 0 0 1]
D:/WindowsNoEditor/PythonAPI/examples/none/out00794095.jpg,[0 0 0 1]
D:/WindowsNoEditor/PythonAPI/examples/none/out00794096.jpg,[0 0 0 1]
D:/WindowsNoEditor/PythonAPI/examples/none/out00794807.jpg,[0 0 0 1]
D:/WindowsNoEditor/PythonAPI/examples/none/out00794808.jpg,[0 0 0 1]
D:/WindowsNoEditor/PythonAPI/examples/none/out00794809.jpg,[0 0 0 1]
D:/WindowsNoEditor/PythonAPI/examples/none/out00794810.jpg,[0 0 0 1]
D:/WindowsNoEditor/PythonAPI/examples/none/out00794811.jpg,[0 0 0 1]
D:/WindowsNoEditor/PythonAPI/examples/none/out00794812.jpg,[0 0 0 1]
D:/WindowsNoEditor/PythonAPI/examples/none/out00794813.jpg,[0 0 0 1]
D:/WindowsNoEditor/PythonAPI/examples/none/out00794814.jpg,[0 0 0 1]
D:/WindowsNoEditor/PythonAPI/examples/none/out00794815.jpg,[0 0 0 1]
D:/WindowsNoEditor/PythonAPI/examples/none/out00794816.jpg,[0 0 0 1]
D:/WindowsNoEditor/PythonAPI/examples/none/out00794817.jpg,[0 0 0 1]
D:/WindowsNoEditor/PythonAPI/examples/none/out00794818.jpg,[0 0 0 1]
D:/WindowsNoEditor/PythonAPI/examples/none/out00794819.jpg,[0 0 0 1]
D:/WindowsNoEditor/PythonAPI/examples/none/out00794820.jpg,[0 0 0 1]
D:/WindowsNoEditor/PythonAPI/examples/none/out00794821.jpg,[0 0 0 1]
D:/WindowsNoEditor/PythonAPI/examples/none/out00794822.jpg,[0 0 0 1]
D:/WindowsNoEditor/PythonAPI/examples/none/out00794823.jpg,[0 0 0 1]
D:/WindowsNoEditor/PythonAPI/examples/none/out00794824.jpg,[0 0 0 1]
D:/WindowsNoEditor/PythonAPI/examples/none/out00794825.jpg,[0 0 0 1]
D:/WindowsNoEditor/PythonAPI/examples/none/out00794826.jpg,[0 0 0 1]
D:/WindowsNoEditor/PythonAPI/examples/none/out00794827.jpg,[0 0 0 1]
D:/WindowsNoEditor/PythonAPI/examples/none/out00794828.jpg,[0 0 0 1]
D:/WindowsNoEditor/PythonAPI/examples/none/out00794829.jpg,[0 0 0 1]
